pl_name,pl_rade,pl_bmasse,pl_eqt,pl_orbsmax,pl_orbper,st_lum,st_teff,st_spectype,st_rad,discoverymethod,disc_year,pl_trandur,pl_orbeccen,hostname,sy_pnum,curationCategory,_esi_rank_display,_hzd_rank_display
Kepler-452 b,1.63,3.29,265.0,1.046,384.843,0.08448,5757.0,G2,1.11,Transit,2015,10.63,0.0,Kepler-452,1,iconic,0.8428452464160584,-1.0209782223454518
Kepler-186 f,1.17,1.71,177.0,0.432,129.9441,-1.26,3755.0,M1,0.523,Transit,2014,5.62,0.04,Kepler-186,5,iconic,0.6581063197521146,3.233610107159967
HD 209458 b,15.58051,232.0159,1459.0,0.04707,3.52474859,0.23086,6091.0,G0 V,1.19,Radial Velocity,1999,3.072,0.0,HD 209458,1,iconic,0.07564295961035075,-5.36698228498459
TRAPPIST-1 b,1.116,1.374,397.6,0.01154,1.510826,-3.25727,2566.0,M8.0 V,0.1192,Transit,2016,0.601,0.00622,TRAPPIST-1,7,iconic,0.769583276938872,-3.2027479580689917
TRAPPIST-1 c,1.097,1.308,339.7,0.0158,2.421937,-3.25727,2566.0,M8.0 V,0.1192,Transit,2016,0.7005,0.00654,TRAPPIST-1,7,iconic,0.8730522826905338,-2.3404101835925557
TRAPPIST-1 d,0.788,0.388,286.2,0.02227,4.049219,-3.25727,2566.0,M8.0 V,0.1192,Transit,2016,0.8145,0.00837,TRAPPIST-1,7,iconic,0.9149238659401339,-1.0307093852680158
TRAPPIST-1 e,0.92,0.692,249.7,0.02925,6.101013,-3.25727,2566.0,M8.0 V,0.1192,Transit,2017,0.9293,0.0051,TRAPPIST-1,7,iconic,0.8708374398142578,0.3822290339445484
TRAPPIST-1 f,1.045,1.039,217.7,0.03849,9.20754,-3.25727,2566.0,M8.0 V,0.1192,Transit,2017,1.048,0.01007,TRAPPIST-1,7,iconic,0.7984659330140909,2.2526518123863957
TRAPPIST-1 g,1.129,1.321,197.3,0.04683,12.352446,-3.25727,2566.0,M8.0 V,0.1192,Transit,2017,1.137,0.00208,TRAPPIST-1,7,iconic,0.728894579840045,3.9408905539670225
TRAPPIST-1 h,0.755,0.326,171.7,0.06189,18.772866,-3.25727,2566.0,M8.0 V,0.1192,Transit,2017,1.269,0.00567,TRAPPIST-1,7,iconic,0.6013320017195785,6.989436770778085
TOI-700 e,0.953,0.818,272.9,0.134,27.80978,-1.64016,3459.0,M2.5 V,0.421,Transit,2023,2.777,0.059,TOI-700,4,high_esi,0.9455286487258667,-1.3235577510359071
TOI-700 d,1.073,1.25,268.8,0.1633,37.42396,-1.64016,3459.0,M2.5 V,0.421,Transit,2020,3.314,0.042,TOI-700,4,high_esi,0.9394628323525481,-0.4018771816242041
Kepler-445 d,1.25,2.1,305.0,0.0439,8.15275,-2.09994,3157.0,M4,0.21,Transit,2015,1.386,0.0,Kepler-445,3,high_esi,0.9126538362034788,-3.194159877822652
Gliese 12 b,0.93,0.95,314.6,0.067,12.761418,-2.13787,3328.0,M4 V,0.265,Transit,2024,1.2,0.24,Gliese 12,1,high_esi,0.9117769056274421,-1.8007236123567965
Kepler-186 e,1.27,2.15,319.0,0.11,22.407704,-1.385,3788.0,M1,0.472,Transit,2014,3.3199,0.0,Kepler-186,5,high_esi,0.8849091100306445,-2.959311769287477
K2-3 d,1.458,2.2,305.2,0.2014,44.55603,-1.23136,3844.0,M V,0.546,Transit,2015,4.17,0.091,K2-3,3,high_esi,0.8701387555865855,-1.58169542265123
K2-133 e,1.73,3.64,296.0,0.1346,26.5841,-1.47886,3655.0,M1.5 V,0.455,Transit,2019,1.44,,K2-133,4,high_esi,0.8603676278850764,-2.0222744332067335
Kepler-69 c,1.71,3.57,299.0,0.64,242.4613,-0.097,5638.0,G4 V,0.93,Transit,2013,13.1,0.14,Kepler-69,2,high_esi,0.857554324832926,-2.1322177119202195
Kepler-22 b,2.1,9.1,279.0,0.812,289.863876,-0.19024,5596.0,G5 V,0.869,Transit,2011,7.415,0.72,Kepler-22,1,high_esi,0.8497744640469092,-0.7269380597827368
Kepler-296 f,1.8,3.89,274.0,0.255,63.33627,-1.50864,3740.0,M2 V,0.48,Transit,2014,3.6,0.33,Kepler-296,5,high_esi,0.8355298336327498,1.3555925161025568
TOI-1452 b,1.672,4.82,326.0,0.061,11.06201,-2.1549,3185.0,M4 +/- 0.5 V,0.275,Transit,2022,1.7587777,0.0,TOI-1452,1,high_esi,0.8295085160946498,-2.068087560289848
TOI-2094 b,1.9,4.27,276.0,0.136,18.793193,-1.74473,3435.0,M3 V,0.384,Transit,2026,1.221,,TOI-2094,1,high_esi,0.8246717408495201,-0.7133143861489397
TOI-6716 b,0.982,0.911,369.0,0.0319,4.7185898,-2.31942,3110.0,M4,0.231,Transit,2026,1.237,0.88,TOI-6716,1,high_esi,0.8241586442708274,-3.345273094711994
TOI-6002 b,1.65,3.36,321.4,0.05722,10.904821,-2.23508,3229.0,M3.5+/-0.5,0.2432,Transit,2024,1.657,0.15,TOI-6002,1,high_esi,0.8234543835087917,-1.9683209958411854
Kepler-249 d,1.57,3.09,332.0,0.097,15.368459,-1.49485,3568.0,M2 V,0.482,Transit,2014,2.697,0.0,Kepler-249,3,high_esi,0.8168244327729001,-2.957505273502752
Kepler-296 e,1.53,2.96,337.0,0.169,34.14211,-1.50864,3740.0,M2 V,0.48,Transit,2014,2.945,0.33,Kepler-296,5,high_esi,0.8143693323703912,-0.9695590230844827
K2-18 b,2.37,8.92,284.0,0.1429,32.939623,-1.59688,3457.0,M2.5 V,0.411,Transit,2015,2.682,0.2,K2-18,2,high_esi,0.8102289977316415,-1.2620890551955488
TOI-2267 c,1.14,1.55,374.0,0.0263,3.4950412,-2.48149,3030.0,M5 V,0.2075,Transit,2025,0.893,,TOI-2267 A,3,high_esi,0.7994484778422627,-3.3593691583091307
LHS 1903 e,1.732,5.79,333.0,0.15135,29.31773,-1.32451,3664.0,M,0.539,Transit,2026,3.78,0.014,LHS 1903,4,high_esi,0.7985920123075919,-2.228430190316602
Kepler-155 c,2.24,5.65,286.0,0.242,52.661793,-1.21,4508.0,M0 V,0.62,Transit,2014,3.188,0.0,Kepler-155,2,high_esi,0.7975302376916813,-0.899497879068126
KELT-9 b,21.70058664,915.34581216,3921.0,0.03368,1.4811235,1.58995,9270.0,A,2.418,Transit,2017,4.1588291,0.0,KELT-9,1,extreme,0.021606534911041066,-5.513046436840187
TOI-2109 b,15.098497,1595.49860314,3646.0,0.01791,0.67247414,0.67302,6540.0,F,1.698,Transit,2021,1.801,,TOI-2109,1,extreme,0.033297600101849276,-5.499467920264486
WASP-33 b,17.855937,665.21819,2781.7,0.0239,1.21987,0.81944,7430.0,A,1.444,Transit,2010,2.8536,0.0,WASP-33,1,extreme,0.03710063513233992,-5.494461650847547
HAT-P-7 b,16.92559,584.8072,2733.0,0.03809,2.20474,0.8142,6389.0,F6 V,2.0,Transit,2008,3.88216,0.0,HAT-P-7,1,extreme,0.038720908999518494,-5.467738195371292
TOI-2260 b,1.62,3.26,2609.0,0.0097,0.3524728,-0.19851,5534.0,G V,0.94,Transit,2022,0.578,,TOI-2260,1,extreme,0.09413939393640698,-5.480721232008835
MASCARA-1 b,17.90074218,1175.971,2594.3,0.040352,2.14877381,1.08279,7490.0,A8,2.082,Transit,2017,4.226,0.00034,MASCARA-1,1,extreme,0.044158946642676805,-5.483531340857786
TOI-1518 b,21.05046575,581.62598481,2546.0,0.03712,1.90261131,0.98408,7299.0,F0,1.942,Transit,2021,2.395,0.01,TOI-1518,1,extreme,0.035530201912022524,-5.481840566184021
WASP-103 b,17.127,473.547,2508.0,0.01985,0.925542,0.413,6110.0,F8 V,1.436,Transit,2014,2.593,0.0,WASP-103,1,extreme,0.04125225968975813,-5.4800176577344075
Wendelstein-2 b,12.9934728,232.33373,2470.0,0.0234,1.7522239,-0.83411,4591.0,K6 V,0.66,Transit,2020,2.1714375,0.057,Wendelstein-2,1,extreme,0.04631557010368387,-5.247745007803671
WASP-178 b,20.28829,527.5978,2470.0,0.0558,3.3448285,1.21484,9360.0,A1 IV-V,1.67,Transit,2019,3.4704,0.0,WASP-178,1,extreme,0.0373775351288727,-5.473160747460445
KELT-16 b,15.860735,874.0325,2453.0,0.02044,0.9689951,0.4014,6236.0,F7 V,1.36,Transit,2017,2.4888,0.0,KELT-16,1,extreme,0.0495229426655426,-5.477458765413253
HD 80653 b,1.621,5.61,2438.0,0.01657,0.71957926,0.21165,5959.0,G0 V,1.199,Transit,2020,1.725,0.0,HD 80653,2,extreme,0.09935895233655824,-5.476931976253542
K2-157 b,0.935,1.14,2432.0,0.00962,0.3652575,-0.2102,5334.0,G9 V,0.86,Transit,2018,1.161,,K2-157,3,extreme,0.10781241866667593,-5.480420027516427
WASP-18 b,13.89913607,3241.8497514,2429.0,0.02024,0.94145223,0.42813,6432.0,F6 IV-V,1.319,Transit,2009,2.21,0.0051,WASP-18,1,extreme,0.05823353556668916,-5.479897847638108
TOI-2580 b,17.37392009,200.23189641,2410.0,0.048,3.39775,0.61595,6120.0,F,1.81,Transit,2024,8.38,0.08,TOI-2580,1,extreme,0.036661817310550994,-5.426317804872602
WASP-121 b,19.52604438,371.85923619,2409.0,0.02571,1.27492504,0.64372,6628.0,F6 V,1.461,Transit,2016,2.9053,0.0085,WASP-121,1,extreme,0.03735468101009384,-5.480424459114922
TOI-1431 b,16.70138124,991.62462984,2370.0,0.046,2.650237,1.06819,7690.0,Am C,1.92,Transit,2021,2.489,0.0022,TOI-1431,1,extreme,0.050719885067363885,-5.474735116121888
TOI-1295 b,15.69257298,451.31633794,2360.0,0.047,3.1968838,0.58659,6280.0,F,1.7,Transit,2024,6.2,0.024,TOI-1295,1,extreme,0.0472900724057158,-5.424875255287986
WASP-167 b,17.71022,2542.64,2329.0,0.0365,2.0219596,0.89734,7000.0,F1 V,1.79,Transit,2017,2.724,,WASP-167,1,extreme,0.05602470302524839,-5.476914129717123
EPIC 220674823 b,1.606,7.54,2324.0,0.0132,0.57130782,-0.11919,5578.0,G5 V,0.99,Transit,2016,1.599,0.0,EPIC 220674823,2,extreme,0.09837336095404263,-5.466674327468507
TOI-715 b,1.55,3.02,234.0,0.083,19.288004,-2.30899,3075.0,M4,0.24,Transit,2023,1.98,,TOI-715,1,hz_candidate,0.7803266309396859,0.10029729791160248
TOI-2257 b,2.194,5.45,256.0,0.145,35.189346,-1.86713,3430.0,M3,0.313,Transit,2021,3.846,0.496,TOI-2257,1,hz_candidate,0.741978229391044,0.3845762690505834
TIC 52059926 b,10.71,5380.0,229.6,0.553,175.532,-0.72125,4505.0,K4.5 V,0.72,Transit,2026,4.87,0.51,TIC 52059926,1,hz_candidate,0.32823000907767486,0.5004969306202626
LP 890-9 c,1.367,25.3,272.0,0.03984,8.457463,-2.84134,2850.0,M6 V,0.1556,Transit,2022,0.9593,,LP 890-9,2,hz_candidate,0.5022089497405468,-0.5427554815057601
TOI-7166 b,2.01,4.7,249.0,0.06191,12.92063621,-2.3869,3099.0,M4.5+/-0.5,0.222,Transit,2025,1.75,0.0,TOI-7166,1,hz_candidate,0.750114692344411,-0.9378434605473515
K2-138 b,1.51,3.1,1157.0,0.03385,2.35309,-0.28654,5356.3,G8 V,0.863,Transit,2017,2.01,0.048,K2-138,6,multi_planet,0.2556072892637423,-5.314642035557005
K2-138 e,3.39,12.97,757.0,0.0782,8.26146,-0.28654,5356.3,G8 V,0.863,Transit,2017,2.97,0.077,K2-138,6,multi_planet,0.3020933010227088,-5.021014732796437
K2-138 g,3.013,4.32,445.0,0.23109,41.96797,-0.28654,5356.3,G8 V,0.863,Transit,2021,4.75,0.059,K2-138,6,multi_planet,0.44957527091673544,-4.008778468555996
K2-138 f,2.904,1.63,653.0,0.10447,12.75758,-0.28654,5356.3,G8 V,0.863,Transit,2017,3.2,0.062,K2-138,6,multi_planet,0.25569445584975004,-4.847089383449871
K2-138 c,2.299,6.31,1012.0,0.04461,3.56004,-0.28654,5356.3,G8 V,0.863,Transit,2017,2.38,0.045,K2-138,6,multi_planet,0.25709586459886125,-5.2434034836358405
K2-138 d,2.39,7.92,888.0,0.05893,5.40479,-0.28654,5356.3,G8 V,0.863,Transit,2017,2.7,0.043,K2-138,6,multi_planet,0.2971050026947068,-5.148595299294659
HD 110067 b,2.2,5.69,800.0,0.0793,9.113678,-0.36224,5266.0,K0.0 V,0.788,Transit,2023,3.0948,,HD 110067,6,multi_planet,0.3337431739561288,-4.9659218418000854
HD 110067 c,2.388,6.3,699.0,0.1039,13.673694,-0.36224,5266.0,K0.0 V,0.788,Transit,2023,3.7044,,HD 110067,6,multi_planet,0.3691933520646034,-4.788221640952337
HD 110067 d,2.852,8.52,602.0,0.1362,20.519617,-0.36224,5266.0,K0.0 V,0.788,Transit,2023,3.8177,,HD 110067,6,multi_planet,0.39814589588274185,-4.554899832522164
HD 110067 e,1.94,3.9,533.0,0.1785,30.793091,-0.36224,5266.0,K0.0 V,0.788,Transit,2023,4.8636,,HD 110067,6,multi_planet,0.5069592649050768,-4.249342170088841
HD 110067 f,2.601,5.04,489.0,0.2163,41.05854,-0.36224,5266.0,K0.0 V,0.788,Transit,2023,5.165,,HD 110067,6,multi_planet,0.47279216325830953,-3.9762906419569357
HD 110067 g,2.607,8.4,440.0,0.2621,54.76992,-0.36224,5266.0,K0.0 V,0.788,Transit,2023,5.666,,HD 110067,6,multi_planet,0.5558015164343277,-3.6454504306225104
TOI-178 b,1.2,0.96,1040.0,0.02607,1.9145601,-0.86646,4316.0,K,0.662,Transit,2021,1.692,,TOI-178,6,multi_planet,0.2783442985440953,-5.202237617125003
TOI-178 c,1.754,4.64,873.0,0.037,3.238486,-0.86646,4316.0,K,0.662,Transit,2021,1.95,0.00032,TOI-178,6,multi_planet,0.33553651813161955,-5.061151924841295
TOI-178 d,2.695,5.2,690.0,0.0592,6.557569,-0.86646,4316.0,K,0.662,Transit,2021,2.346,0.0068,TOI-178,6,multi_planet,0.33645881187256416,-4.774591781319035
HAT-P-57 b,19.50366,448.1403,2200.0,0.0406,2.4653,0.80618,6330.0,A8 V,1.85,Transit,2015,3.49872,0.0,HAT-P-57,1,rest,0.04328645392704977,-5.462356476264682
WD 1856+534 b,10.4,4386.054,163.0,0.0204,1.4079405,-4.12,4710.0,DC,0.0131,Transit,2020,0.1333,0.0,WD 1856+534,1,rest,0.25759836592611646,5.610942619712241
WASP-141 b,13.56289,854.9627,1540.0,0.0469,3.310651,0.31468,5900.0,F9,1.37,Transit,2016,3.6,0.0,WASP-141,1,rest,0.0967257914208989,-5.383346925511557
K2-10 b,3.773,25.2,649.0,0.137,19.30553,-0.10088,5533.0,F9,0.956,Transit,2015,3.8064,0.31,K2-10,1,rest,0.35888536397397147,-4.806276198829578
TOI-411 b,1.362,13.71,1241.0,0.05727,4.040295,0.20919,6169.0,F7/F8V,1.117,Transit,2022,3.074,0.126,HD 22946,3,rest,0.16097107098099814,-5.324480375518824
TOI-1408 c,2.22,7.6,1864.0,0.03587,2.1664,0.47129,6117.0,F8 V,1.53,Transit Timing Variations,2024,2.67,0.1353,TOI-1408,2,rest,0.13243253702957933,-5.439504752631948
HATS-30 b,13.170575,224.38798,1414.0,0.04354,3.1743516,0.09691,5943.0,G,1.061,Transit,2016,2.7504,0.096,HATS-30,1,rest,0.08931434224895352,-5.353370730473861
K2-263 b,2.513,15.4,482.0,0.2573,50.819172,-0.25964,5368.0,G9 V,0.85,Transit,2018,3.7496,0.08,K2-263,1,rest,0.5565639226769545,-3.8871988500049075
K2-229 b,1.0,2.55,1818.0,0.0131,0.584216,-0.38869,5315.0,G9,0.79,Transit,2018,1.5,0.0,K2-229,2,rest,0.13429374586198478,-5.441197259744049
Kepler-69 b,2.24,5.65,779.0,0.094,13.722341,-0.097,5638.0,G4 V,0.93,Transit,2013,5.126,0.16,Kepler-69,2,rest,0.3391265462635571,-5.038417416389227
V1298 Tau d,6.53,6.0,831.0,0.1081,12.401394,-0.02045,4970.0,K1,1.32,Transit,2019,5.57,0.0087,V1298 Tau,4,rest,0.14003478810588982,-5.011906384298374
TOI-1246 d,3.43139739,5.4,587.77,0.132,18.654874,-0.30103,5213.0,K V,0.8649,Transit,2022,3.9484217,0.0,TOI-1246,4,rest,0.33110761964606783,-4.650120584596451
TOI-2076 e,1.301,4.7,1110.0,0.03863,3.0223753,-0.42285,5187.0,K V,0.758,Transit,2025,2.16,0.0,TOI-2076,4,rest,0.2364172497277812,-5.239537743961296
HD 219134 c,1.511,4.36,782.0,0.0653,6.76458,-0.57741,4699.0,K3 V,0.778,Radial Velocity,2015,1.66,0.062,HD 219134,6,rest,0.37458516356000576,-4.934454392319035
TOI-5628 A b,8.29464572,28.60455663,492.0,0.0368,4.3416612,-1.88,3310.0,M3.0&plusmn1.0,0.35,Transit,2026,1.7793909,0.0,TOI-5628 A,1,rest,0.2637795034605416,-4.013011819561162
TOI-6478 b,4.6,19.2,204.4,0.1136,34.005019,-2.24244,3230.0,M4.0+/-0.5,0.234,Transit,2025,2.9,,TOI-6478,1,rest,0.4599244908867159,1.6100148461823869
TOI-771 b,1.36,2.47,543.0,0.0208,2.3260155,-2.20343,3370.0,M3,0.232,Transit,2024,0.96,0.055,TOI-771,2,rest,0.5681432782787125,-4.287308953317279
Kepler-125 b,2.37,6.21,590.0,0.041,4.164389,-1.3279,3810.0,M1 V,0.512,Transit,2014,1.798,0.0,Kepler-125,2,rest,0.43581348232383854,-4.638494829579083
KELT-19 A b,21.40919,1293.5681,1935.0,0.0637,4.6117093,0.97772,7500.0,A8 V,1.83,Transit,2017,4.3944,,KELT-19 A,1,rest,0.05631642498963644,-5.440370934967044
WASP-117 b,11.88154,95.349,1001.0,0.09459,10.02165,0.27413,6040.0,F9,1.22,Transit,2014,5.94,0.3,WASP-117,1,rest,0.12253529516491667,-5.2103446865161605
HIP 41378 d,3.65,6.53,367.0,1.17,278.3618,0.39646,6290.0,F6,1.3,Transit,2016,12.71,0.063,HIP 41378,6,rest,0.4905699281846637,-2.0102639322491824
TOI-201 d,1.39,5.8,1237.0,0.0698,5.84889,0.41664,6423.0,F,1.31,Transit,2026,3.257,0.3,TOI-201,3,rest,0.20610319678018657,-5.333083449257232
HR 858 c,1.979,3.8,1309.0,0.0687,5.973865,0.36361,6354.0,F6 V,1.258,Transit,2019,2.843,0.0,HR 858,3,rest,0.19746439357537704,-5.323580762536558
CoRoT-32 b,6.38913,47.6745,938.0,0.071,6.71837,-0.1549,5970.0,G0 VI,0.79,Transit,2018,2.496,,CoRoT-32,1,rest,0.189523155197894,-5.1347895626243725
HD 191939 c,3.195,8.0,600.0,0.1752,28.579743,-0.18709,5348.0,G9 V,0.94,Transit,2020,4.162,0.034,HD 191939,6,rest,0.36666300949945874,-4.504296424922982
K2-37 b,1.39,2.51,949.0,0.05105,4.4434,-0.40798,5352.0,G3 V,0.809,Transit,2016,2.3,,K2-37,3,rest,0.32348835153535277,-5.150048568431384
K2-265 b,1.70824866,7.3418362,1366.0,0.03359,2.36902,-0.18243,5420.0,G8 V,0.92,Transit,2018,2.3088,0.16,K2-265,1,rest,0.19269515583375,-5.341483630827375
WASP-105 b,10.76064,572.094,900.0,0.075,7.87288,-0.02427,5070.0,K2,0.9,Transit,2017,3.72,0.0,WASP-105,1,rest,0.19494044793749152,-5.171614386197637
Kepler-278 c,3.268,34.9,492.0,0.287,51.111,0.64933,4965.0,K2 III-IV,2.861,Transit,2014,11.233,0.616,Kepler-278,2,rest,0.5149876140101308,-4.891833459350481
K2-136 b,1.014,4.3,610.0,0.0707,7.97525,-0.7765,4500.0,K5.5,0.677,Transit,2017,2.67,0.14,K2-136,3,rest,0.38808908189826463,-4.715937116606644
TOI-178 e,2.301,3.48,600.0,0.0783,9.96318,-0.86646,4316.0,K,0.662,Transit,2021,2.501,0.00038,TOI-178,6,rest,0.402019317257662,-4.528046792973307
TOI-530 b,9.30345398,127.1313628,565.0,0.052,6.387597,-1.3098,3659.0,M0.5 V,0.54,Transit,2021,2.5660579,0.0,TOI-530,1,rest,0.278500809264445,-4.4205092491294735
TOI-674 b,5.25,23.6,635.0,0.025,1.977143,-1.61439,3514.0,M2 V,0.42,Transit,2021,1.1104153,0.0,TOI-674,1,rest,0.2899446305716987,-4.775324628368493
Kepler-81 d,1.21,1.92,418.0,0.128,20.837846,-0.88941,4500.0,M0 V,0.595,Transit,2014,2.57,0.0,Kepler-81,3,rest,0.7185914349403214,-3.8422759251986585
LHS 1903 d,2.5,5.96,442.0,0.08604,12.566287,-1.32451,3664.0,M,0.539,Transit,2026,2.762,0.112,LHS 1903,4,rest,0.5426919919084757,-3.6568882550949686
KELT-20 b,19.514869,1074.90106,2262.0,0.0542,3.4741085,1.1038,8720.0,A2 V,1.565,Transit,2017,3.57552,0.0,KELT-20,1,rest,0.04847671549189597,-5.466353242313969
WASP-72 b,14.45961,731.009,2210.0,0.03711,2.21673,0.724,6250.0,F7,2.18,Transit,2012,3.8789472,0.0,WASP-72,1,rest,0.05869809235463862,-5.461994143605374
HIP 41378 b,2.64,6.9,959.0,0.1303,15.57209,0.39646,6290.0,F6,1.3,Transit,2016,5.26,0.05,HIP 41378,6,rest,0.2536025597151807,-5.1457931754954895
HD 106315 b,2.44,12.6,1153.0,0.0907,9.55237,0.39454,6327.0,F5 V,1.296,Transit,2017,3.775,0.093,HD 106315,2,rest,0.23169083699672144,-5.264613622064491
TOI-4515 b,12.17,637.0,705.0,0.118,15.266446,-0.23582,5433.0,G8/G9,0.86,Transit,2024,3.24,0.461,TOI-4515,1,rest,0.23462419921671948,-4.801824569976854
K2-292 b,2.63,24.5,795.0,0.13,16.9841,0.09254,5725.0,G3 V,1.09,Transit,2019,3.66,0.04,K2-292,1,rest,0.32236802088655986,-4.982455873684119
K2-19 d,1.044,6.2,1258.0,0.03478,2.50827,-0.29196,5350.0,G9,0.824,Transit,2016,1.93,0.44,K2-19,3,rest,0.16723907849398167,-5.307043438104001
K2-38 c,2.29,8.3,916.0,0.09514,10.56103,0.03743,5731.0,G2 V,1.06,Transit,2016,2.38,0.161,K2-38,2,rest,0.29562771375250835,-5.104960743206508
K2-295 b,10.054473,106.47305,852.0,0.0451,4.024867,-0.71623,4444.0,K5 V,0.7,Transit,2018,2.4984,0.0,K2-295,1,rest,0.1698567592091323,-5.049058648208193
TOI-5076 b,3.48935569,16.14568308,550.0,0.1481,23.443162,-0.47366,4780.0,K2 V,0.844,Transit,2024,4.882,0.0,TOI-5076,1,rest,0.4158930354397933,-4.3225161194741775
HD 23472 d,0.75,0.55,909.0,0.04298,3.97664,-0.62525,4684.0,K4 V,0.71,Transit,2022,1.99,0.07,HD 23472,5,rest,0.3347828525900595,-5.118486196736108
HD 207897 b,2.34302132,14.8,581.75,0.117,16.20166,-0.42136,5106.0,K0 V,0.7827,Transit,2021,2.9048422,0.0,HD 207897,1,rest,0.46482121137193955,-4.63406448995606
Kepler-1624 b,6.59,35.3,540.0,0.0327,3.290314,-1.32262,3768.0,M V,0.552,Transit,2016,1.7505,0.0,Kepler-1624,1,rest,0.3041553969551959,-4.825093464515069
K2-33 b,5.04,1175.971,850.0,0.0409,5.424865,-0.82391,3540.0,M3.3,1.05,Transit,2016,4.08,0.0,K2-33,1,rest,0.1481233101595418,-5.036049577759401
LTT 3780 b,1.325,2.46,903.0,0.01195,0.76837931,-1.78252,3358.0,M3.5 V,0.38,Transit,2020,0.7883,0.0,LTT 3780,2,rest,0.3424663850218956,-5.095898016050988
TOI-4342 b,2.329,7.3,639.0,0.0519,5.5382592,-1.12494,3866.0,M0 V,0.598,Transit,2023,2.182,0.0,TOI-4342,2,rest,0.4161436623716726,-4.636619995300649
KELT-21 b,17.777474,1242.7153,2051.0,0.05224,3.6127647,0.90472,7598.0,A8 V,1.638,Transit,2018,4.10544,0.0,KELT-21,1,rest,0.05985915740239441,-5.450996333706538
CoRoT-6 b,13.068,940.74,1017.0,0.0855,8.886593,0.02573,6090.0,F9 V,1.025,Transit,2009,4.08,0.1,CoRoT-6,1,rest,0.16024923113416684,-5.143627694054634
HD 22946 d,2.607,26.57,546.0,0.2958,47.42489,0.20919,6169.0,F7/F8V,1.117,Transit,2023,6.482,,HD 22946,3,rest,0.45405730410987627,-4.432036692662815
TOI-1670 b,2.06,41.31769291,1062.0,0.103,10.98462,0.40046,6170.0,F7 V,1.316,Transit,2022,2.8,0.59,TOI-1670,2,rest,0.1814933551441088,-5.229551771735622
HD 17156 b,12.26262489,1036.12060682,888.0,0.1632,21.2164294,0.44091,6046.0,G5,1.517,Radial Velocity,2007,3.1505,0.6772,HD 17156,1,rest,0.19430535730253193,-5.071126900478756
HIP 94235 b,3.0,379.0,1060.0,0.0787,7.713057,0.13759,5991.0,G V,1.08,Transit,2022,2.47,0.32,HIP 94235,1,rest,0.1174706810951799,-5.21900069832896
HD 93963 A b,1.46954368,2.8,1842.23,0.02061,1.0376109,0.06781,5908.0,G0 V,1.0311,Transit,2022,1.8155952,0.0,HD 93963 A,2,rest,0.1492276653778245,-5.448010695539647
HD 110113 b,2.05,4.55,1371.0,0.035,2.541,-0.03235,5732.0,G,0.968,Transit,2021,2.376,0.093,HD 110113,2,rest,0.18768798695170952,-5.36581996825722
WASP-162 b,11.209,1652.716,910.0,0.0871,9.62468,0.05436,5300.0,K0,1.11,Transit,2018,4.2576,0.434,WASP-162,1,rest,0.19571790689197407,-5.149284893849851
