pl_name,pl_rade,pl_bmasse,pl_eqt,pl_orbsmax,st_teff,st_rad
HD 80653 b,1.621,5.61,2438.0,0.01657,5959.0,1.199
K2-312 c,12.8,1681.31227303,229.0,1.882,5959.0,1.199
XO-2 S d,13.0,1179.14338997,110.98,5.46,5325.0,1.02
Kepler-1808 b,3.02511302,9.4,601.0,0.1467,5530.0,0.892
Kepler-418 b,13.45,349.6112477,434.0,0.39249,5820.0,1.09
Kepler-249 d,1.57,3.09,332.0,0.097,3568.0,0.482
OGLE-2017-BLG-0364L b,10.3,75.8,,3.79,,
Kepler-1408 b,0.89,0.64,1616.0,0.04218,6170.0,1.35
HR 8799 b,13.0,2000.0,1200.0,68.0,7204.58,1.49338
Kepler-500 b,2.58,7.18,909.0,0.08361,5813.0,1.03
CoRoT-17 b,11.43,772.29,1626.0,0.0461,5740.0,1.59
OGLE-2017-BLG-0373L b,14.0,127.0,,2.424,,
CoRoT-7 d,4.31,17.142,,,5250.0,0.8389
Kepler-1685 b,2.57673985,7.16,625.0,0.1485,5484.0,0.835451
Kepler-296 b,1.61,3.22,495.0,0.079,3740.0,0.48
TOI-1744.01,2.68,7.65,598.0,0.164086,6179.0,1.14
KMT-2021-BLG-1547L b,13.6,467.20775829,,4.5,,
TOI-4377 b,15.10970598,304.1617855,1162.08,0.0579,4974.0,3.52
HD 64114 b,4.41,17.8,518.51,0.246,5676.0,0.882858
TOI-858 B b,14.06727078,349.6112477,1529.0,0.04435,5842.0,1.308
HD 27969 b,12.9,1525.5763536,261.0,1.552,5966.0,1.27
Kepler-1947 b,1.0101666,1.01,1298.0,0.07375,6040.0,1.686
Kepler-81 d,1.21,1.92,418.0,0.128,4500.0,0.595
Kepler-900 b,2.08,4.98,716.0,0.0679,4836.0,0.73
TOI-1296 b,14.11645916,95.3,1414.84,0.051,5567.0,1.7031
HD 24040 b,12.9,1589.142035,143.81,4.92,5802.0,1.3
Kepler-638 b,1.83,4.01,1111.0,0.06695,5382.0,0.93
Kepler-375 b,1.45,2.7,851.0,0.101,5826.0,0.837
Kepler-1590 b,1.14,1.55,1020.0,0.07116,6053.0,1.16
Kepler-666 b,2.4,6.35,1133.0,0.0542,5887.0,1.05
Kepler-586 b,2.79,8.2,1365.0,0.0331,5575.0,0.92
HD 180053 b,13.3,697.31902,542.98,0.843,5131.0,4.06
Kepler-1827 b,1.85644292,4.1,1329.0,0.04647,5423.0,1.404
Kepler-83 b,2.83,2.94,460.0,0.07295,4082.0,0.61
TOI-1410 c,5.63,27.0,397.45,0.239,4635.0,0.7558
Kepler-578 b,2.0,4.66,1774.0,0.0266,5334.0,0.83
TOI-3807 b,18.49481816,330.54154328,1646.0,0.0421,5772.0,1.468
K2-392 b,1.85,4.08,,,5726.0,1.058
UKIRT-2017-BLG-001L b,13.7,407.0,,4.18,,
Kepler-239 b,2.33,6.04,616.0,0.095,4914.0,0.763
Kepler-1812 b,2.3249424,6.01,1034.0,0.0765,6174.0,1.103
HD 191939 c,3.195,8.0,600.0,0.1752,5348.0,0.94
Kepler-931 b,1.33,2.33,744.0,0.0719,5241.0,0.81
Kepler-501 c,1.68119739,3.47,1304.0,0.0467,5794.0,1.216
TIC 38825265 b,2.18869476,5.43,,,4375.52,0.664503
Kepler-1664 b,3.03320653,9.45,776.0,0.1137,5735.81,1.072
WASP-105 b,10.76064,572.094,900.0,0.075,5070.0,0.9
Kepler-58 b,2.78,35.5,920.0,0.09291,5843.0,1.03
GJ 887 b,1.8,3.9,426.0,0.0683,3688.0,0.468
TOI-1759 b,3.14,10.8,443.0,0.1177,4065.0,0.597
HIP 70849 b,12.9,1430.2278315,78.85,3.99,4105.0,0.633112
KOI-142 b,3.438,9.5,758.0,0.09586,5466.0,0.897
Barnard c,0.743,0.335,400.0,0.0274,3195.0,0.185
HATS-62 b,11.825495,56.89157,1237.0,0.04163,5416.0,0.933
Kepler-1350 c,1.73,3.64,730.0,0.0222,3827.0,0.53
TOI-1410.01,3.10083009,12.5,1236.7,0.0207,4635.0,0.7558
TOI-5110 b,11.98240037,921.7023803,976.0,0.2157,6160.0,2.333
GJ 229 A c,2.87,8.58136699,188.1,0.384,3564.0,0.46
Kepler-341 c,1.7,3.53,940.0,0.08,6012.0,1.024
TOI-791 c,12.94637271,18.6,362.8,0.863,6294.0,1.474
Kepler-590 b,4.02,15.2,1056.0,0.0647,6000.0,1.15
HD 180902 b,13.5,535.54355,412.37,1.4,4961.0,4.16
Qatar-7 b,19.0553,597.5204,2053.0,0.0352,6387.0,1.564
TOI-5624 e,3.247,8.9,613.8,0.1439,5327.0,0.82
Kepler-764 b,1.64,3.33,875.0,0.0724,5557.0,0.89
TOI-7166 b,2.01,4.7,249.0,0.06191,3099.0,0.222
TOI-6695 b,9.52763359,66.74396547,599.0,0.402,6400.0,1.517
GJ 3998 b,1.39,2.5,733.5,0.03,3726.0,0.5
Kepler-656 b,3.12,9.91,1569.0,0.02231,5281.0,0.82
KIC 8540376 c,2.4,6.35,,,6474.0,1.26
Kepler-751 b,2.46,6.62,679.0,0.1263,5387.0,0.84
Kepler-276 d,2.8,16.3,489.0,0.24666,5693.0,1.03
WASP-37 b,13.002,572.07,1232.5,0.0446,5800.0,1.003
TOI-1203 e,7.31,42.1,,,5737.0,1.179
Kepler-122 f,1.75,36.0,543.0,0.28575,5917.0,0.949
OGLE-2016-BLG-0263L b,13.0,1300.0,,5.4,,
Kepler-397 c,6.18,31.6,295.0,0.48,5307.0,0.767
Kepler-1503 b,2.27,5.77,321.0,0.3771,5069.0,0.74
TOI-1776 b,1.21612741,1.4,1269.21,0.0378,5785.0,0.9356
Kepler-1781 b,2.38091029,6.26,1003.0,0.0574,5568.0,0.957
HAT-P-40 b,17.03768,152.5584,1770.0,0.0608,6080.0,1.94
HD 81688 b,13.5,525.68818518,958.66,0.648,4797.0,11.13
K2-19 d,1.044,6.2,1258.0,0.03478,5350.0,0.824
Kepler-1309 b,2.37,6.21,491.0,0.1679,5235.0,0.8
HD 169830 c,12.6,2437.42605328,241.03,3.075,6300.0,1.935709
ZTF J1230-2655 b,13.78704626,7024.0077947,2949.65,,10000.0,0.0123
TOI-2525 b,8.67575106,26.69758619,512.97,0.1511,5096.0,0.785
Kepler-57 c,2.196,6.86,671.0,0.09588,5187.9,0.826
Kepler-1300 b,1.37,2.45,954.0,0.16005,6130.0,1.79
K2-104 b,1.79,3.86,798.0,0.0242,3712.0,0.48
KOI-134 b,12.03844527,346.43296363,659.0,0.363,6160.0,1.667
TOI-1768.01,3.453,11.8,1566.0,0.076381,5994.0,1.1
KMT-2023-BLG-2209L b,13.9,254.2627256,,3.51,,
HD 150706 b,13.3,772.32302901,108.81,6.7,5961.0,0.96
HR 8799 e,13.11453,3178.3,1150.0,16.4,7400.0,1.49338
Kepler-770 b,2.3,5.9,1171.0,0.1694,5598.0,0.92
HD 95089 b,13.7,400.4658,458.34,1.36,4918.0,5.08
HIP 10090 c,13.9,270.15414595,338.35,0.9,5661.0,1.38268
Kepler-1600 c,1.94206512,4.43,786.0,0.06961,5119.0,0.834
TOI-1782.01,2.368,6.2,697.84,0.05024,4336.0,0.669
Kepler-855 b,8.35,52.7,996.0,0.0762,5835.0,1.03
KMT-2021-BLG-0748L b,14.3,143.02278315,,2.43,,
Kepler-24 e,2.78,26.2118,792.0,0.138,5897.0,1.289
Kepler-1435 b,0.86,0.566,1331.0,0.05456,6356.0,1.32
Kepler-1771 b,4.05537256,15.5,391.0,0.3815,5661.0,0.934
Kepler-338 b,2.44,30.6,1005.0,0.117,5923.0,1.735
HD 5583 b,12.8,1837.0574,964.55,0.53,4830.0,9.09
HD 188641 b,11.9,9333.03117155,114.36,12.027,5897.32,1.94492
K2-39 b,6.27704,28.6047,1670.0,0.05708,4881.0,2.97
OGLE-2019-BLG-0960L b,1.39,2.5,,1.9,,
Kepler-1872 b,2.38421141,6.28,1005.0,0.0465,5223.0,0.885
GSC 06214-00210 b,20.1762,5000.0,2300.0,320.0,4200.0,0.90484
K2-130 b,1.25,2.1,1013.11,0.032,4356.47,0.744261
HD 89839 b,12.8,1748.0562385,159.03,4.713,6314.0,1.28588
Kepler-106 e,2.56,11.17,531.0,0.24006,5858.0,1.04
Kepler-430 c,1.75,3.71,458.0,0.4757,5884.0,1.485
Ross 508 b,1.83,4.0,293.86,0.05366,3071.0,0.2113
Kepler-869 b,3.61,12.7,494.0,0.2244,5664.0,0.95
GJ 2126 b,13.6,413.1769291,203.08,0.71,4159.0,0.728
WASP-46 b,13.159366,607.0553,1636.0,0.02335,5600.0,0.858
Kepler-932 b,1.37,2.45,1276.0,0.02876,5331.0,0.84
HD 1605 b,13.8,296.85322,362.48,1.492,4915.0,3.49
Kepler-1206 b,1.64,3.33,1314.0,0.0201,4877.0,0.75
Kepler-520 b,1.66,3.39,711.0,0.14628,6112.0,1.09
Kepler-27 c,4.9,4385.87,481.0,0.191,5400.0,0.59
Kepler-1250 b,1.92,4.35,1431.0,0.0393,5717.0,0.98
TOI-2141 b,3.147,20.1,728.0,0.1322,5635.0,0.95
GJ 317 b,13.3,794.5,100.32,1.138,3496.0,0.403
Kepler-1851 b,3.90012032,14.5,776.0,0.1016,5982.0,0.879
K2-308 b,9.916,70.6,1213.76,,6100.0,1.24
KOINTREAU-1 b,12.4,3368.9811142,,690.0,3551.0,
Kepler-350 b,1.85,16.9,1037.0,0.104,6186.0,1.534
K2-414 c,1.9287,4.38,762.62,0.0552,4343.0,0.732
K2-148 b,1.33,2.33,733.87,0.0454,4079.0,0.632
Kepler-633 b,1.63,3.29,1021.0,0.08185,5899.0,1.15
Kepler-61 b,2.15,5.27,273.0,0.24861,4017.0,0.62
TOI-4562 b,12.53,732.0,318.0,0.768,6096.0,1.152
Kepler-1154 c,2.36,6.17,1117.0,0.0875,6327.0,1.43
Kepler-241 c,2.57,7.13,397.0,0.189,4699.0,0.668
Kepler-863 b,2.9,8.75,718.0,0.122,5678.0,0.95
CoRoT-35 b,18.83108758,349.6112477,1747.0,0.0429,6390.0,1.65
Kepler-1127 b,1.96,4.5,994.0,0.0556,5664.0,0.95
Kepler-1234 b,2.81,8.3,625.0,0.096,4967.0,0.76
HAT-P-27 b,11.43,197.05,1091.99,0.04,5316.0,0.864673
Kepler-1934 b,0.91307734,0.702,1700.0,0.02466,5925.0,1.035
Kepler-1344 b,1.84,4.04,1219.0,0.05501,5981.0,1.13
Kepler-1124 b,1.28,2.18,621.0,0.0305,3658.0,0.34
Kepler-117 c,12.341,584.78,704.0,0.2804,6150.0,1.606
K2-97 b,13.45077684,174.48779544,1566.0,0.0854,4673.0,4.14
Kepler-1581 b,0.8,0.437,1108.0,0.06865,6022.0,1.23
TOI-206 b,1.3,2.24,910.0,0.0112,3383.0,0.35
BD+48 740 b,13.5,540.311,538.94,1.7,4534.0,10.33
EPIC 212587672 b,1.26,2.13,756.0,,6004.0,0.98
OGLE-2016-BLG-1800L b,13.2,823.17557413,,1.88,,
HD 4308 b,4.12,15.8915,799.37,0.12,5686.0,1.02
Kepler-1403 b,2.14,5.22,1238.0,0.064,6060.0,1.15
TOI-707 b,2.416,6.42,491.7,0.275,5424.0,0.978
Kepler-546 b,7.0,39.1,1258.0,0.0502,5967.0,1.15
Kepler-299 d,1.86,4.12,729.0,0.118,5617.0,1.032
TOI-283 b,2.34,6.54,661.0,0.123,5213.0,0.85
TOI-205 b,2.50121142,6.81,1799.55,,6302.74,1.45382
Kepler-236 b,1.57,3.09,469.0,0.065,3750.0,0.51
HIP 8541 b,12.6,2451.7283316,305.12,3.729,4672.0,6.84
HD 92788 c,13.0,1166.4361,91.27,10.5,5744.0,1.14
Kepler-310 b,1.19,1.81,665.0,0.111,5797.0,0.876
Kepler-1886 b,2.58158428,7.18,580.0,0.16,5745.0,0.837
HD 207832 c,14.0,232.0159,179.84,2.112,5710.0,0.901
HAT-P-49 b,17.82231,699.226,2131.0,0.04378,6820.0,2.06
TOI-6019 b,12.3,149.0,1095.0,0.1212,5561.0,2.02
MOA-2007-BLG-400L b,13.5,540.3082919,34.0,5.9,,
16 Cyg B b,13.5,565.7374,228.76,1.66,5750.0,1.13
OGLE-2019-BLG-1492L b,6.79,37.1,,2.7,,
Kepler-522 b,6.91,38.2,761.0,0.25029,6392.0,1.98
Kepler-1467 b,3.3,10.9,411.0,0.2388,5332.0,0.82
Kepler-758 c,1.69,3.5,1372.0,0.05768,6228.0,1.42
Kepler-19 b,2.209,6.1,851.0,0.0846,5541.0,0.859
Kepler-1102 b,2.66,7.56,546.0,0.2731,5724.0,0.94
HD 72659 c,12.1,6165.8710958,71.91,21.5,5929.0,1.36
HD 174205 b,13.0,1334.8793094,821.72,1.7,4308.0,26.6
Kepler-617 b,1.32,2.3,750.0,0.0219,3712.0,0.48
Kepler-371 c,1.78,3.82,443.0,0.313,5666.0,0.992
Kepler-265 e,2.59,7.22,476.0,0.319,5835.0,1.103
KMT-2016-BLG-0212L b,12.2,5700.0,,2.2,,
Kepler-1610 c,2.09,5.02,433.0,0.2323,5295.0,0.8
Qatar-2 b,14.056,792.635,1344.0,0.02153,4645.0,0.776
HD 222076 b,13.5,495.8148,346.88,1.83,4806.0,4.1
HD 98736 b,13.3,740.5439,179.53,1.864,5271.0,0.93
K2-338 b,1.03,1.08,783.0,,4558.0,0.63
HD 40979 b,12.9,1484.2661,354.69,0.85,6165.0,1.21
TOI-286 b,1.42,4.53,979.0,0.0503,5152.0,0.78
Kepler-750 c,1.62,3.26,1537.0,0.05009,6160.0,1.23
Kepler-282 b,1.01,1.01,817.0,0.082,5602.0,0.904
Kepler-278 c,3.268,34.9,492.0,0.287,4965.0,2.861
GJ 180 d,2.66,7.56,187.94,0.309,3371.0,0.413049
HD 1461 c,2.23,5.59,892.87,0.1117,5765.0,1.152288
Kepler-1248 b,1.18,1.76,1035.0,0.0806,6149.0,1.21
K2-275 b,2.34,6.08,1166.0,0.0277,4841.0,0.69
HD 74156 b,13.5,532.36258173,679.63,0.28,6068.0,1.510576
Kepler-267 c,2.13,5.18,484.0,0.06,4258.0,0.555
K2-86 b,1.96,4.5,830.49,0.077,5482.0,0.76
V830 Tau b,14.0,222.481,1213.95,0.057,4250.0,2.0
Kepler-377 c,2.06,4.9,677.0,0.182,5949.0,1.224
K2-195 c,2.57581891,7.16,,,5712.0,0.906367
Proxima Cen d,0.692,0.26,282.0,0.02881,2900.0,0.141
HD 15906 b,2.24,5.65,668.0,0.09,4757.0,0.762
HD 196050 b,12.9,1493.7935129,207.52,2.65,5879.0,1.42
K2-201 c,3.28568401,10.8,,,5507.0,0.878161
TOI-1279 b,2.66146528,10.6,759.0,0.085,5457.0,0.8426
K2-326 b,2.28,5.82,1114.0,0.0198,3924.0,0.688
Kepler-606 b,3.31,11.0,683.0,0.17,6161.0,1.22
Kepler-1575 b,1.31,2.27,1312.0,0.0366,5667.0,0.92
Kepler-729 b,3.58,12.5,1273.0,0.0432,5633.0,0.91
Kepler-1995 b,4.28,16.9,375.0,0.3259,5029.0,0.93
Kepler-1434 b,1.11,1.41,1320.0,0.0917,6291.0,2.04
Kepler-82 c,5.34,13.9,450.0,0.2626,5401.0,0.898
Kepler-1538 b,2.82,8.35,346.0,0.6095,5837.0,1.03
K2-187 b,1.2,1.87,1815.0,0.0164,5438.0,0.83
Kepler-464 b,3.3,10.9,1163.0,0.07931,5933.0,1.59
61 Vir b,2.11,5.1,1177.85,0.050201,5577.0,0.963
Kepler-1782 b,2.22927435,5.6,773.0,0.05825,4931.0,0.734
Kepler-1580 b,2.11,5.1,733.0,0.33571,6228.0,2.15
Kepler-198 d,1.53,2.96,1562.0,0.02342,5636.0,0.93
Kepler-1737 b,5.395,25.1,383.0,0.297,5043.0,0.881
Kepler-134 c,1.26,2.13,892.0,0.092,5983.0,1.176
TOI-1860 b,1.31,2.27,1885.0,0.0204,5752.0,0.94
Kepler-132 c,1.28,2.18,1069.0,0.068,6003.0,1.178
GJ 3942 b,2.57,7.14,590.0,0.0608,3867.0,0.61
Kepler-26 b,2.78,5.12,431.0,0.08551,3914.0,0.512
Kepler-1589 b,1.09,1.32,2102.0,0.0205,6166.0,1.25
K2-343 c,2.02,4.74,465.0,,3804.0,0.46
GJ 581 c,2.5,6.81,346.13,0.0718,3500.0,0.302
HD 196885 A b,13.2,819.97,224.21,2.37,6254.0,1.31
TOI-5592 b,17.14974047,285.72773789,1789.0,0.03935,6237.0,1.393
Kepler-188 c,3.19,10.3,1025.0,0.066,6021.0,1.141
HIP 65407 c,13.9,249.17872,457.04,0.316,5460.0,0.952252
KOI-1831 d,1.13,2.23,475.0,0.19924,5233.0,0.835
Kepler-279 c,4.3,49.4,774.0,0.2236,6689.45,1.07
TOI-1444 b,1.41792246,3.58,2130.02,0.0116,5460.0,0.9105
Kepler-329 c,1.93,4.38,402.0,0.113,4257.0,0.523
Kepler-487 d,2.77513568,8.12,1226.0,0.03445,5422.0,0.887
HD 43691 b,13.2,810.4665,761.79,0.238,6093.0,1.6
Kepler-797 b,2.17,5.35,605.0,0.181,5680.0,0.95
K2-401 b,2.262,5.74,,,4213.0,0.675
Kepler-199 c,3.25,10.6,420.0,0.316,5644.0,0.967
HATS-8 b,9.785457,43.86054,1324.0,0.04667,5679.0,1.086
KMT-2019-BLG-1367L b,1.85,4.08,,1.7,,
KOI-1783.01,8.86,71.0,412.0,0.52661,5922.0,1.143
KELT-16 b,15.860735,874.0325,2453.0,0.02044,6236.0,1.36
Kepler-1681 b,2.55321772,7.05,442.0,0.32,5756.4,0.759
Kepler-780 b,0.89,0.64,2099.0,0.015,5769.0,1.02
Kepler-1572 b,0.94,0.779,1293.0,0.05838,5618.0,0.95
Kepler-1389 b,1.77,3.78,300.0,0.38249,5078.0,0.74
TOI-544 c,4.92,21.5,,,4169.0,0.623
Kepler-251 d,2.77,8.1,536.0,0.182,5526.0,0.89
Kepler-127 d,2.64,7.46,590.0,0.28,6106.0,1.359
CoRoT-12 b,16.14,291.438,1442.0,0.04016,5675.0,1.116
SWEEPS-4 b,9.079,1207.7,,0.055,,1.18
Kepler-1256 b,1.49,2.83,933.0,0.10733,6129.0,1.36
G 264-012 b,1.39,2.5,587.0,0.02279,3326.0,0.305
GJ 143 b,2.61,22.7,422.0,0.1915,4640.0,0.695
K2-10 b,3.773,25.2,649.0,0.137,5533.0,0.956
Kepler-182 b,2.58,7.18,935.0,0.096,6250.0,1.146
TOI-1659.01,2.255,5.71,1031.14,0.065757,5977.0,1.006
Kepler-19 d,5.06,22.5,,,5544.0,0.859
TOI-237 c,1.206,1.9,515.0,0.016,3226.0,0.2056
KMT-2016-BLG-2142L b,12.2,4923.0,,0.83,,
Kepler-564 b,4.63,19.4,1129.0,0.0484,5626.0,0.92
Kepler-878 b,1.93,4.38,501.0,0.165,5044.0,0.77
Kepler-228 b,1.53,2.96,1360.0,0.038,6043.0,1.014
HD 6434 b,14.2,155.7367,786.83,0.14,5769.0,1.12
CoRoT-7 b,1.68135,4.07660518,1756.0,0.017016,5275.0,0.83
TOI-2969 b,12.32987877,368.68095212,1186.0,0.0261,4738.0,0.7
Kepler-610 c,3.3,10.9,318.0,0.5594,5943.0,1.13
Kepler-1473 b,1.19,1.81,783.0,0.11606,6046.0,1.09
Kepler-447 b,18.49,435.41,882.0,0.0769,5493.0,1.05
Kepler-290 d,0.86,0.566,1589.0,0.0154,5142.0,0.755
HD 34445 e,4.26,16.8,637.76,0.2687,5836.0,1.38
Kepler-384 c,1.13,1.51,531.0,0.236,5577.0,0.882
HD 120084 b,12.7,2034.1018048,369.24,4.21,4879.0,10.37
Kepler-468 b,13.34,,484.0,0.2213,5498.0,0.87
Kepler-191 b,1.34,2.36,722.0,0.087,5282.0,0.789
GJ 680 b,12.0,7977.4930157,36.57,10.138,3563.0,0.45933
Kepler-917 b,1.91,4.31,991.0,0.0378,5418.0,0.76
TOI-1224 c,2.884,8.67,303.12,,3326.0,0.404
TOI-1422 b,3.83,9.5,870.0,0.107,5840.0,1.019
Kepler-980 b,2.67,7.61,845.0,0.09993,5935.0,1.06
HATS-59 b,12.621334,256.17098,1128.0,0.06112,5670.0,1.036
HD 73267 c,12.8,1630.77755632,69.53,12.688,5387.0,0.909
Kepler-580 b,2.57,7.13,558.0,0.0683,4298.0,0.64
HD 152843 c,5.94,9.67,253.08,0.1482,6310.0,1.43
HD 217786 c,2.61,7.31005336,1663.13,0.038,5966.0,1.27
HR 8799 c,13.0,3000.0,1200.0,38.0,7204.58,1.49338
TOI-4342 b,2.329,7.3,639.0,0.0519,3866.0,0.598
Kepler-193 c,2.75,8.0,595.0,0.286,6335.0,1.147
K2-269 b,1.57,3.09,1429.0,0.0531,6209.0,1.45
KOI-12 b,13.78707,349.613,911.0,0.154,6635.0,1.4
Kepler-1773 b,3.50469499,12.1,623.0,0.24831,6183.0,1.3
NGTS-16 b,14.57167491,211.99154747,1177.0,0.0523,5550.0,1.213
Kepler-637 b,4.75,20.2,1002.0,0.16619,6096.0,2.56
HD 113337 c,12.1,6299.67685515,153.36,6.805,6774.0,1.5
K2-30 b,11.646151,184.02357,1092.0,0.04839,5425.0,0.844
Kepler-1675 b,3.12483349,9.93,465.0,0.32185,5853.19,1.12865
Gaia22dkvL b,14.1,187.83658854,,1.4,,
Kepler-1788 b,2.37850461,6.25,956.0,0.0343,4786.0,0.704
Kepler-497 b,6.04,30.4,1210.0,0.0457,5834.0,1.11
Kepler-179 c,2.0,4.66,810.0,0.064,5302.0,0.759
HD 87646 b,12.4,3941.092,1012.7,0.117,5770.0,1.55
KMT-2024-BLG-0404L c,4.33,17.3,,,,
Kepler-139 e,13.7,378.0,154.06,3.23579639,5622.0,1.045
HD 29985 b,12.8,1739.47487151,46.73,13.39,4678.0,0.574666
Kepler-668 b,2.7,7.75,790.0,0.0768,5352.0,0.82
Kepler-56 d,12.8,1784.0,324.75,2.16,4819.44,4.21799
Kepler-205 b,1.51,2.89,757.0,0.032,4321.0,0.546
Kepler-1156 b,1.32,2.3,787.0,0.09704,5778.0,1.0
HR 858 c,1.979,3.8,1309.0,0.0687,6354.0,1.258
Kepler-989 b,2.21,5.52,805.0,0.0734,5074.0,0.78
HD 165155 b,13.2,918.5287,239.9,1.13,5426.0,0.95
K2-351 b,2.54,6.99,934.0,,5769.0,1.05
HD 22946 d,2.607,26.57,546.0,0.2958,6169.0,1.117
HD 13908 b,13.9,274.91,993.25,0.154,6255.0,1.67
Kepler-1446 b,0.82,0.477,1539.0,0.01405,4865.0,0.75
Kepler-1697 b,1.25954761,2.12,630.0,0.2008,4681.53,0.772344
HD 11112 b,12.6,2598.56505563,94.51,13.38,5905.64,1.47368
Kepler-674 b,1.69,3.5,822.0,0.028,4192.0,0.57
Kepler-1269 b,1.63,3.29,657.0,0.23611,5998.0,1.15
Kepler-1576 b,1.04,1.12,1059.0,0.07211,5876.0,1.06
Kepler-1796 b,2.75047868,8.0,598.0,0.1879,6036.0,0.949
Kepler-972 b,4.65,19.5,1060.0,0.0734,6146.0,1.22
Kepler-1508 b,1.33,2.33,967.0,0.1629,6158.0,1.22
Kepler-293 c,3.83,14.0,466.0,0.286,5804.0,0.957
AF Lep b,13.0,1147.36054927,1400.0,8.996,6140.0,1.25
Kepler-873 b,3.75,13.5,749.0,0.1542,6163.0,1.27
Kepler-669 b,4.83,20.8,1243.0,0.0529,6038.0,1.2
Kepler-783 b,0.78,0.399,991.0,0.04958,5521.0,0.89
Kepler-142 d,2.16,5.31,582.0,0.242,5790.0,1.269
Kepler-1297 b,0.97,0.871,1790.0,0.0283,5818.0,0.99
HD 126525 b,10.3,75.32571,198.47,1.837,5638.0,0.979
Kepler-319 d,2.29,5.86,528.0,0.191,5526.0,0.903
Kepler-1427 b,1.1,1.37,1844.0,0.0197,5793.0,1.01
Kepler-1959 b,1.14315727,1.57,811.0,0.0617,5071.0,0.811
HD 109271 b,4.31,17.162,1128.86,0.079,5783.0,1.294595
HD 100546 b,77.3421,2701.5414595,94.67,53.0,10500.0,1.85288
HD 158996 b,12.3,4449.62,960.27,2.1,4069.0,50.3
Kepler-1264 b,1.18,1.76,1677.0,0.01839,5791.0,0.98
HD 100777 b,13.7,390.92894061,264.28,1.06,5533.0,1.04
Kepler-553 b,4.74139884,116.00736855,1089.0,0.04766,5191.0,0.902
HD 31527 c,3.85,14.16,571.07,0.2663,5898.0,1.073694
K2-44 b,2.433,6.5,1211.0,0.06,5912.0,1.58
Kepler-1955 b,1.16654878,1.69,853.0,0.11959,5825.0,1.291
Kepler-537 b,1.41,2.57,1181.0,0.04317,5763.0,0.99
HD 217786 b,12.3,4402.55909376,207.3,2.446,5966.0,1.27
Kepler-1968 b,1.50004034,2.86,744.0,0.0696,5008.0,0.788
Kepler-322 c,1.67,3.43,996.0,0.051,5388.0,0.89
OGLE-TR-132 b,13.45,375.02,2013.0,0.03035,6210.0,1.32
Kepler-1684 b,2.87084792,8.6,347.0,0.2253,4706.54,0.666755
HATS-66 b,15.815899,1694.0339,1998.0,0.04714,6626.0,1.841
Kepler-171 b,2.34,6.08,1053.0,0.05,5642.0,0.839
Kepler-1021 b,2.33,6.04,634.0,0.1034,5431.0,0.86
Kepler-1399 b,1.25,2.1,1610.0,0.0276,5735.0,0.96
TOI-7041 b,11.43316031,114.41822652,882.37,,4700.0,4.1
OGLE-2014-BLG-0676L b,13.0,1169.60853776,,4.53,,
K2-319 b,2.79,8.2,641.0,0.1516,5440.0,0.898
Kepler-414 c,3.01,29.9,890.0,0.07195,5536.0,0.946
HD 210193 b,14.3,153.1,235.69,1.487,5790.0,1.05971
Kepler-1952 b,1.23923346,2.07,725.0,0.1724,5973.0,1.305
HD 34445 f,6.88,37.9,266.14,1.543,5836.0,1.38
V0391 Peg b,13.1,1017.056,519.69,1.7,29300.0,0.23
Kepler-1633 b,1.58,3.12,925.0,0.3875,6256.0,1.32
Kepler-242 c,2.0,4.66,613.0,0.109,5020.0,0.85
Qatar-5 b,12.408363,1373.0256,1415.0,0.04127,5747.0,1.076
K2-348 c,2.67,7.61,655.0,,5077.0,0.85
K2-132 b,14.5717,155.7367,1586.0,0.0916,4840.0,3.85
Kepler-399 c,1.43,2.63,630.0,0.155,5502.0,0.68
KELT-15 b,19.50366,416.3573,1642.0,0.04613,6003.0,1.78
Kepler-1130 b,0.8,0.437,904.0,0.05963,5403.0,0.81
K2-290 c,11.276254,246.00042,676.0,0.305,6302.0,1.511
TOI-7008 b,4.94735276,21.7,1783.0,,5116.06,0.95255
Kepler-1367 b,0.92,0.721,998.0,0.0236,4106.0,0.6
DMPP-2 c,8.26,51.79,1910.88,0.04789,6500.0,1.78
Kepler-1716 b,2.4247685,6.46,408.0,0.18836,4894.0,0.684
TOI-1716.01,3.143,10.0,959.0,0.080496,5879.0,1.24
Kepler-1038 c,1.4162338,2.59,784.0,0.0692,5159.0,0.821
TOI-5159 b,1.54732112,3.01,866.29,,5156.16,0.854084
HD 109271 c,5.27,24.154,716.68,0.196,5783.0,1.294595
K2-202 b,2.30165603,5.91,,,5491.0,0.910685
HATS-41 b,14.90797,3082.951,1710.0,0.0583,6424.0,1.71
HD 45350 b,13.5,568.89,217.81,1.92,5566.0,1.26442
GJ 3323 b,1.23,2.02,290.06,0.03282,3159.0,0.119
Kepler-682 b,7.37,42.6,753.0,0.1058,5559.0,0.89
HD 284149 AB b,12.0,8352.53053596,2395.0,431.16,6035.0,1.36
HATS-77 b,13.05846252,436.69623122,828.3,0.03607,4071.0,0.6428
WASP-142 b,17.14977,266.9772,2000.0,0.0347,6010.0,1.64
Kepler-597 b,2.37,6.21,743.0,0.10916,5683.0,0.95
HD 29021 b,12.9,1420.69297929,163.2,2.294,5560.0,0.85
GJ 682 b,1.93,4.4,281.93,0.08,3028.0,0.298255
HD 168443 c,12.2,5500.33841154,205.47,2.842,5491.0,1.711479
WASP-53 b,12.038466,677.61356,1053.0,0.04101,4953.0,0.798
Kepler-1857 b,1.96065412,4.5,946.0,0.08308,6074.0,1.005
Kepler-342 c,1.96,4.5,754.0,0.185,6175.0,1.472
Kepler-1251 b,1.84,4.04,487.0,0.2478,5545.0,0.89
TOI-5624 f,3.66,13.0,478.5,0.2366,5327.0,0.82
OGLE-2015-BLG-1649L b,13.2,807.0,,2.07,,
Kepler-242 b,2.61,7.32,742.0,0.075,5020.0,0.85
TOI-220 b,3.03,13.8,805.0,0.08911,5298.0,0.858
Kepler-374 d,1.31,2.27,1272.0,0.056,5977.0,0.911
Kepler-1870 b,2.10143764,5.07,1046.0,0.0452,5508.0,0.84
Kepler-258 b,4.06,15.5,642.0,0.103,4942.0,0.915
WASP-8 b,12.66617,807.2882,1059.0,0.0801,5600.0,1.03
Kepler-1339 b,0.71,0.285,1642.0,0.02356,5586.0,0.93
HD 106252 b,12.5,3178.28407,178.13,2.655,5874.0,1.05
HD 102956 b,13.8,305.1168,1804.96,0.0807,4985.0,4.55
K2-128 b,1.42,2.6,803.1,0.056,4469.51,0.777569
TOI-139 b,2.4566,6.6,561.17,,4570.0,0.7007
GJ 508.2 b,,587.98255295,59.3,4.85,3720.0,0.53
Kepler-244 b,2.76,8.05,1038.0,0.05,5554.0,0.803
TOI-4087 b,13.04725353,232.01473711,1458.0,0.04469,6060.0,1.112
OGLE-2015-BLG-1771L b,14.3,138.0,,0.85,,
HAT-P-66 b,17.82231,248.86089,1896.0,0.04363,6002.0,1.881
DMPP-9 b,3.89,14.43,995.58,0.1097,6092.0,1.26
TOI-4898 b,3.7197954,13.4,667.0,,4201.57,0.639344
HD 101581 c,0.99,0.937,747.0,0.0573,4675.0,0.63
Kepler-1292 b,1.82,3.97,1195.0,0.0443,5556.0,0.93
Kepler-1906 b,2.77615754,8.13,901.0,0.0738,5868.0,0.894
GJ 876 e,3.92,14.6,150.46,0.3343,3293.74,0.3
TOI-1052 c,6.48,34.3,719.0,0.2263,6146.0,1.264
HAT-P-29 b,13.11453,279.6904,1281.0,0.0667,6087.0,1.3
YZ Cet c,1.05,1.14,410.3,0.02156,3151.0,0.157
Kepler-434 b,12.67,908.96,1000.0,0.1143,5977.0,1.38
HD 11755 b,12.8,1789.3829,903.49,1.09,4312.0,20.58
Kepler-1471 b,1.41,2.57,1238.0,0.0453,5660.0,0.93
HD 128717 b,12.1,6293.0024586,151.9,4.85,6210.0,1.248
HAT-P-46 b,14.392,156.684,1458.0,0.0577,6120.0,1.396
TOI-1244 b,2.467,6.6,714.86,0.060694,4599.0,0.721
HD 39855 b,2.85,8.5,1145.89,0.041,5576.0,0.744665
BD-11 4672 c,4.04,15.37,320.21,0.3,4550.0,0.639
Kepler-1442 b,3.93,14.7,522.0,0.40814,6394.0,1.44
Kepler-292 d,2.23,5.6,808.0,0.068,5299.0,0.826
HD 47186 c,13.0,111.42,183.18,2.395,5657.0,1.08
Kepler-692 b,3.11,9.85,639.0,0.1495,5440.0,0.86
EPIC 206042996 b,1.7,3.53,,,4114.0,0.5
OGLE-2012-BLG-0358L b,13.4,588.0,,0.87,,
Kepler-1193 b,1.32,2.3,1453.0,0.04004,5908.0,1.21
HD 75784 c,12.8,1792.5612,149.31,8.4,4867.0,3.4
Kepler-838 b,2.73,7.9,777.0,0.1266,5770.0,0.96
81 Cet b,13.1,1051.05854195,526.92,2.104,4734.0,11.21
Kepler-1058 b,2.72,7.85,239.0,0.3679,4644.0,0.69
TOI-4214 b,10.68215861,165.27077164,1642.0,0.05018,6370.0,1.434
Kepler-391 b,2.5,1100.0,930.0,0.083,5038.0,2.879
Kepler-698 b,3.68,13.1,727.0,0.1255,5612.0,0.91
TOI-3877 b,11.67975789,99.7981198,1445.0,0.0529,5731.0,1.445
Kepler-409 b,1.199,6.0,438.0,0.3192,5421.0,0.897
Kepler-273 b,1.5,2.86,1209.0,0.037,5626.0,0.815
Kepler-636 b,4.45,18.1,614.0,0.1185,5203.0,0.8
Kepler-1914 b,2.9429803,8.97,585.0,0.1954,5982.0,0.96
HD 200964 b,13.5,508.21017,425.95,1.565,4982.0,4.92
pi Men c,2.0189,3.63,1169.8,0.06839,5998.0,1.17
Kepler-150 c,3.69,13.2,876.0,0.073,5560.0,0.939
HATS-43 b,13.22662,82.95363,1003.0,0.04944,5099.0,0.812
TOI-1437 b,2.24,9.6,794.23,0.14,6008.0,1.17
Kepler-685 b,10.58,78.8,1579.0,0.0265,5963.0,1.16
K2-89 b,0.615,0.17,830.07,0.01462,3691.0,0.318
WASP-49 b,12.44199,117.5971,1400.0,0.0379,5600.0,0.97
Kepler-1699 b,1.56671124,3.08,1010.0,0.0418,5575.53,0.725
Kepler-1152 b,0.87,0.59,806.0,0.0223,3964.0,0.53
HD 30669 b,14.3,149.37,151.45,2.69,5400.0,0.91
HD 155918 c,12.8,1878.04805696,77.38,13.183,5771.84,1.01906
Kepler-1391 b,1.68,3.46,513.0,0.30045,5840.0,1.1
TOI-2406 b,2.86,15.6,449.0,0.02267,3100.0,0.204
Kepler-25 c,5.217,15.2,934.0,0.1117,6354.0,1.316
Kepler-1813 b,1.413,2.58,1059.0,0.0364,5167.0,0.787
Kepler-156 b,2.3,5.9,867.0,0.054,5094.0,0.807
Kepler-477 b,2.07,4.94,649.0,0.0911,5240.0,0.79
WASP-66 b,15.6926,746.9005,1569.7,0.0546,6600.0,1.76
Kepler-275 b,2.34,6.08,1015.0,0.098,6165.0,1.383
EPIC 206032309 b,1.01,1.01,,,3489.0,0.37344
HATS-64 b,18.819911,305.1168,1793.0,0.06562,6554.0,2.113
TOI-2876 b,9.6397234,54.03082919,929.0,0.0654,5271.0,0.873
Kepler-80 f,1.21,4459.73,1054.0,0.0175,4540.0,0.678
Kepler-397 b,2.46,6.62,539.0,0.144,5307.0,0.767
Kepler-967 b,2.35,6.12,638.0,0.1027,5178.0,0.8
HIP 94235 b,3.0,379.0,1060.0,0.0787,5991.0,1.08
HD 95735 c,3.76,13.6,63.49,2.94,3719.0,0.3685
HD 126614 b,12.7,107.74382997,209.54,2.249,5568.0,1.369794
G 261-6 b,1.1,1.37,322.3,0.02971,2907.0,0.153162
KOI-351 c,1.19,1.81,987.0,0.089,6080.0,1.2
Kepler-610 b,4.19,16.3,888.0,0.0719,5943.0,1.13
K2-278 b,2.98,9.17,1711.0,0.0488,6747.0,1.61
HIP 111909 b,13.7,384.57237247,436.91,1.32,4891.0,4.53
Kepler-33 e,4.02,5.57,752.0,0.2138,5904.0,1.82
Kepler-1932 b,1.51482218,2.91,1891.0,0.0123,5278.0,0.815
HD 90156 b,4.43,17.98,518.01,0.25,5599.0,0.920286
K2-384 b,1.076,1.26,,,3623.0,0.348
TOI-2068 b,1.821,3.97,520.62,0.0632,3710.0,0.535
Kepler-1382 b,1.88,4.19,959.0,0.14023,6161.0,1.72
Kepler-123 b,2.94,55.3,817.0,0.135,6089.0,1.264
Kepler-1890 b,0.86867375,0.587,1328.0,0.05712,6046.0,1.396
Kepler-1030 b,2.48,6.71,529.0,0.1338,4983.0,0.76
Kepler-112 b,2.36,6.17,809.0,0.076,5544.0,0.841
Kepler-1077 b,2.77,8.1,576.0,0.2101,5816.0,1.02
Kepler-1451 b,3.35,11.2,523.0,0.2101,5782.0,0.99
KMT-2023-BLG-0416L b,3.67,13.03096469,,2.96,,
Kepler-190 c,1.46,2.73,948.0,0.045,5106.0,0.795
HD 153950 b,13.2,937.5985,295.3,1.28,6124.0,1.28
Kepler-1431 b,1.47,2.76,1064.0,0.0648,5806.0,1.03
Kepler-1132 b,2.35,6.12,384.0,0.2881,5298.0,0.83
Kepler-216 c,3.04,9.48,814.0,0.136,6091.0,1.26
CoRoT-13 b,9.92,415.704,1700.0,0.051,5945.0,1.01
Kepler-413 b,4.347,67.0,334.96,0.3553,4700.0,0.7761
HR 2562 b,12.44199,6992.224954,1255.0,22.2,6597.0,1.334
GJ 86 b,12.9,1404.8086,661.12,0.11,5182.0,0.77
GJ 849 b,13.9,283.82076745,73.63,2.32,3467.0,0.45
Kepler-1804 b,1.59615726,3.18,913.0,0.1017,5109.0,1.671
Kepler-267 d,2.27,5.77,301.0,0.154,4258.0,0.555
HD 190360 d,3.48,11.9,459.21,0.3886,5560.0,1.14
Kepler-1704 b,11.94877343,1322.16617312,253.8,2.027,5746.0,1.697
K2-95 b,3.31,11.0,474.0,0.0525,3566.0,0.4
Kepler-204 b,2.53,6.94,828.0,0.117,5812.0,1.238
TOI-5630 b,2.37117553,6.22,1541.0,,5385.64,0.933361
HD 23127 b,13.5,485.32641,223.4,2.37,5843.0,1.49
Kepler-1188 b,2.08,4.98,775.0,0.135,5913.0,1.06
TOI-4562 c,12.8,1833.86990839,138.11,5.219,6096.0,1.152
HD 21411 b,9.52,65.9,408.17,0.362,5605.0,0.825605
Kepler-239 c,2.51,6.85,366.0,0.268,4914.0,0.763
TOI-201 c,10.4,4990.0,169.58,4.37,6423.0,1.31
Kepler-821 b,1.31,2.27,1215.0,0.029,5191.0,0.8
XO-5 b,12.78,378.2,1230.0,0.0515,5430.0,1.13
Kepler-122 d,2.2,5.48,747.0,0.155,6050.0,1.216
NGTS-4 b,3.18,20.6,1650.0,0.019,5143.0,0.84
Kepler-1825 b,1.42200732,2.61,1520.0,0.0187,5123.0,0.847
K2-186 b,3.17207779,10.2,,,5784.0,0.98083
Kepler-579 b,2.0,4.66,730.0,0.0854,5636.0,0.96
Kepler-55 e,1.55,3.02,728.0,0.048,4503.0,0.619
Kepler-1717 b,2.98929758,9.21,780.0,0.2014,6200.0,1.64
MOA-2022-BLG-249L b,2.04,4.83,,1.63,,
HD 216770 b,14.1,181.1631,370.18,0.46,5399.0,0.93
Kepler-1074 b,1.25,2.1,568.0,0.0536,4002.0,0.57
TOI-6016 b,13.67495645,371.85923619,1890.0,0.055,6110.0,1.51
Kepler-1278 b,1.01,1.01,1213.0,0.04417,6074.0,1.16
HD 106270 b,12.4,3623.2438398,237.07,3.34,5509.0,2.66
Kepler-1558 b,0.68,0.244,1019.0,0.04278,5101.0,0.79
TOI-5720 b,1.09,4.3,708.0,0.018288,3325.0,0.383
Kepler-204 c,1.79,3.86,683.0,0.173,5812.0,1.238
HAT-P-39 b,17.609,190.372,1752.0,0.0509,6430.0,1.625
TOI-4578 b,2.26974262,5.77,842.42,,5951.32,0.878735
Kepler-347 c,1.75,3.71,705.0,0.183,6088.0,1.005
Kepler-203 d,1.44,33.9,855.0,0.1,5821.0,1.114
Kepler-786 b,2.43,6.48,348.0,0.25483,4838.0,0.74
Kepler-1905 b,1.4460734,2.69,1212.0,0.0451,5788.0,1.015
Kepler-1513 b,8.594,48.30991786,346.0,0.56971,5491.0,0.95
Kepler-230 c,2.04,4.82,359.0,0.38,5588.0,0.817
HATS-16 b,14.5717,1039.3041,1592.0,0.03744,5738.0,1.238
Kepler-1091 b,1.46,2.73,1664.0,0.0252,5851.0,1.03
TOI-251 b,2.74,317.83,1041.19,0.05741,5875.0,0.881
Kepler-1713 b,1.71673535,3.59,900.0,0.14185,6477.0,1.459
K2-3 c,1.582,2.68,371.8,0.1357,3844.0,0.546
Kepler-295 b,1.22,1.98,741.0,0.099,5603.0,0.898
HATS-3 b,15.48,340.382,1648.0,0.0485,6351.0,1.404
Kepler-1121 b,1.91,4.31,1008.0,0.11818,6231.0,1.59
Kepler-466 c,1.25,2.1,1206.0,0.04658,5927.0,1.05
Kepler-197 c,1.23,5.3,930.0,0.09,6004.0,1.12
TOI-1839 b,2.21895097,5.56,1405.35,,5315.91,0.848099
CoRoT-36 b,15.80466279,216.12331676,1567.0,0.066,6730.0,1.52
Kepler-402 d,1.38,2.48,1006.0,0.087,6090.0,1.264
TOI-1478 b,11.99360935,279.68899816,918.0,0.0818,5597.0,1.048
GJ 832 b,13.8,314.65012293,57.84,3.7,3472.0,0.441557
Barnard b,0.72,0.299,438.0,0.0229,3195.0,0.185
TOI-969 c,12.4,3591.4609991,96.4,2.52,4435.0,0.671
GJ 3082 b,2.79,8.2,457.53,0.079,3910.0,0.465216
TOI-1294 b,10.12369881,63.9,1392.74,0.051,5718.0,1.5566
HD 222155 b,13.4,581.62598481,164.93,5.14,5701.0,1.85
KOI-351 b,1.31,2.27,1062.0,0.074,6080.0,1.2
WASP-151 b,13.30506009,100.43377661,1312.0,0.055,5871.0,1.181
HD 117618 b,8.59,55.30242,745.79,0.18,5990.0,1.2
Kepler-1629 b,0.77,0.381,1081.0,0.0485,5776.0,1.01
Kepler-414 b,1.71,3.5,1024.0,0.0543,5536.0,0.946
HIP 57274 d,14.2,167.4,183.59,1.01,4640.0,0.68
K2-289 b,9.1,61.0,753.0,0.107,5529.0,1.025
HD 102888 b,12.8,1808.44363583,688.63,1.05,4990.0,8.6
K2-38 b,1.54,7.3,1266.0,0.04994,5731.0,1.06
GJ 1002 b,1.03,1.08,230.9,0.0457,3024.0,0.137
HD 212301 b,14.2,162.0933,1870.75,0.03,6239.0,1.16
Kepler-1680 b,1.35954736,2.42,771.0,0.07642,5021.0,0.723259
K2-378 b,2.88,8.65,,,4823.0,0.732
HD 43197 b,14.2,175.75910907,282.81,0.882,5508.0,1.0
Kepler-379 c,2.29,5.86,530.0,0.326,6054.0,1.306
Kepler-1321 b,4.92,21.5,408.0,0.0781,4094.0,0.53
Kepler-29 b,2.55,5.0,777.0,0.08482,5378.0,0.732
Kepler-1486 b,2.32,5.99,538.0,0.2846,5965.0,1.12
Kepler-1718 b,2.5685207,7.12,345.0,0.48418,5731.0,0.906
HD 181433 c,,2207.00045821,153.53,1.885,4918.0,0.79
Kepler-1599 b,1.62,3.26,407.0,0.4823,5767.0,0.99
HD 25912 b,6.9,38.13940884,579.16,0.242,5920.58,0.995896
TOI-5108 b,6.6,32.0,1180.0,0.073,5808.0,1.29
BD-08 2823 b,,2948.49413174,798.86,0.06,4816.0,0.71
TOI-4914 b,12.87,227.0,894.0,0.098,5805.0,1.0
TOI-4495 b,2.483,7.7,1735.0,0.03957,6210.0,1.309
K2-37 c,2.41,6.39,839.0,0.06534,5352.0,0.809
Kepler-911 b,2.6,7.27,931.0,0.15594,6112.0,1.99
HD 114783 b,13.7,349.6,210.79,1.16,5135.0,0.840622
USco1556 b,12.3,4767.45,2240.0,3500.0,3410.0,0.668108
Kepler-1679 b,2.0692036,4.93,813.0,0.0892,5501.0,0.873196
Kepler-238 b,1.73,3305.02,1642.0,0.034,5751.0,1.43
Kepler-67 b,2.94,8.96,602.0,0.1171,5331.0,0.778
Kepler-350 c,3.1,6.1,888.0,0.1385,6492.3,1.25
Kepler-1327 b,1.8,3.89,831.0,0.11151,5885.0,1.03
Kepler-677 b,5.38,25.0,1015.0,0.067,5723.0,0.99
HD 187123 c,13.2,912.16752809,135.42,4.89,5790.0,1.15043
Kepler-773 b,1.43,2.63,1160.0,0.04682,5850.0,1.01
BD-06 1339 c,8.38,53.0,261.91,0.435,4324.0,0.686355
Kepler-816 b,10.24,74.5,668.0,0.0895,5286.0,0.85
HD 51608 b,3.62,12.77,759.92,0.1059,5358.0,0.916136
HD 202696 b,,634.38868,492.46,1.566,5040.0,6.43
HD 219134 c,1.511,4.36,782.0,0.0653,4699.0,0.778
K2-239 d,1.1,1.37,399.0,0.0685,3420.0,0.36
NGC 2682 YBP 401 b,14.3,146.2018,,,6165.0,1.215821
HD 142 b,12.7,2256.5816897,358.19,1.039,6245.0,1.47
HD 125390 b,11.9,8646.20398403,320.26,3.496,4882.0,6.47
Kepler-182 c,3.43,11.6,729.0,0.157,6250.0,1.146
Kepler-880 c,2.87,8.6,1407.0,0.1216,6900.0,2.599
Kepler-1303 b,1.42,2.6,891.0,0.0751,5771.0,1.0
Kepler-110 c,2.21,5.52,743.0,0.198,5960.0,1.149
Kepler-273 c,1.98,4.58,865.0,0.073,5626.0,0.815
Kepler-1016 b,2.18,5.39,1540.0,0.03044,5821.0,1.0
GJ 273 b,1.51,2.89,292.47,0.091101,3382.0,0.293
HIP 54373 c,3.57,12.44,463.2,0.099,4021.0,0.564998
Kepler-34 b,8.564,69.92,294.42,1.0896,5913.0,1.1618
HD 108236 e,3.083,9.71,636.0,0.1367,5660.0,0.877
Kepler-1232 b,1.93,4.38,523.0,0.16545,5471.0,0.89
L 363-38 b,2.0,4.67,330.0,0.048,3129.0,0.274
TOI-375 b,10.77183045,236.78216321,1373.0,0.099,5259.9,2.9
WASP-64 b,14.247,403.945,1689.0,0.02648,5400.0,1.058
Kepler-417 c,2.69,7.7,616.0,0.1194,5177.0,0.806
TIC 24750448 c,3.09028272,9.75,,,4545.43,0.713599
K2-408 b,1.677,3.45,,,5335.0,0.784
WASP-190 b,12.89035,317.83,1500.0,0.0663,6400.0,1.6
HIP 55507 b,12.6,2585.53409095,76.05,5.062,4171.0,0.723643
Kepler-940 b,3.34,11.1,486.0,0.3059,5769.0,0.96
Kepler-398 c,1.01,1.01,536.0,0.087,4493.0,0.613
MOA-2015-BLG-337L b,6.42,33.7,,0.24,,
WASP-74 b,15.24424,228.8376,1865.0,0.03443,5990.0,1.42
HD 96063 b,13.7,403.6441,500.75,1.11,5020.0,4.75
Kepler-524 c,0.96,0.84,1574.0,0.03046,6014.0,1.1
Kepler-1916 b,2.61757235,7.35,635.0,0.2053,6246.0,1.092
TOI-1648 b,2.54,7.4,799.0,0.0694,4850.0,0.81
Kepler-399 d,1.89,4.23,486.0,0.261,5502.0,0.68
Kepler-534 c,1.227,2.02,933.0,0.0761,5936.0,0.965
TOI-5817 b,3.08,10.3,950.0,0.1223,5770.0,1.427
TIC 320419023 b,2.77280763,8.11,,,5703.36,0.952319
Kepler-1063 b,1.49,2.83,931.0,0.1176,5945.0,1.14
TIC 65612701 b,5.07802804,22.7,,,5692.29,1.73709
Kepler-391 c,2.88,450.0,662.0,0.164,5038.0,2.879
TOI-1105 b,3.05823658,9.58,594.0,,4678.46,0.755833
Kepler-136 c,1.99,4.62,847.0,0.133,6165.0,1.355
EPIC 249893012 d,3.94,10.18,752.0,0.22,5430.0,1.71
Kepler-283 b,2.13,5.18,488.0,0.082,4351.0,0.566
TOI-5595 b,4.73740402,20.1,621.0,,4417.3,0.743344
Kepler-1705 b,2.03,4.47,789.0,0.08,6312.0,1.259
HD 3651 b,10.1,72.46524,432.84,0.295,5221.0,0.871954
OGLE-2014-BLG-1722L c,11.0,83.7,,1.7,,
HAT-P-52 b,11.309881,259.98494,1218.0,0.03694,5131.0,0.893
HD 154391 b,12.5,2892.2385037,253.57,7.46,4909.0,8.56
K2-38 c,2.29,8.3,916.0,0.09514,5731.0,1.06
Kepler-1982 b,0.77,0.381,1282.0,0.0511,6202.0,1.122
KMT-2016-BLG-1337L b,11.4,88.99195396,,3.97,,
TOI-697 b,2.35859364,6.16,839.8,,5681.95,0.968149
TOI-4747 b,3.95803201,14.8,1035.0,,5595.08,0.988751
Kepler-292 f,2.35,6.12,563.0,0.141,5299.0,0.826
Kepler-184 c,1.97,8.8,630.0,0.141,5788.0,0.873
XO-6 b,23.20263,1398.452,1577.0,0.0815,6720.0,1.93
Kepler-1859 b,1.58313575,3.13,1455.0,0.0394,5887.0,1.235
TOI-3912 b,14.28024141,129.03833324,1512.0,0.0463,5725.0,1.392
Kepler-650 b,2.96,9.06,1507.0,0.0421,5849.0,1.35
K2-261 b,9.26982704,68.96876432,1036.0,0.1086,5490.0,1.663
Kepler-128 b,1.421,3.79,968.0,0.12545,6072.0,1.659
Lupus-TR-3 b,9.976,257.431,1013.56,0.0464,5000.0,0.82
Kepler-1281 b,1.64,3.33,1123.0,0.0415,5353.0,0.83
HATS-34 b,16.02887,299.07803,1445.0,0.03166,5380.0,0.98
Kepler-1693 b,1.28938413,2.21,807.0,0.1011,5432.34,0.878295
Kepler-1087 b,0.61,0.165,2161.0,0.01554,5589.0,0.94
MOA-2016-BLG-319L b,14.1,200.0,,0.95,,
Kepler-104 b,3.1,19.6,852.0,0.094,5711.0,1.349
HD 164922 e,3.23,10.52012027,543.73,0.2292,5393.43,1.001813
HAT-P-51 b,13.50682174,97.57332095,1168.2,0.05042,5453.0,0.995
TOI-1226 b,2.4101112,6.39,1123.44,,5434.91,0.986943
Kepler-491 b,8.92,59.0,1111.0,0.05191,5582.0,1.03
Kepler-1849 b,2.38685349,6.29,355.0,0.2597,4806.0,0.729
Kepler-316 c,1.16,1.65,577.0,0.058,4204.0,0.52
DMPP-1 d,2.02,4.72,1632.0,0.04467,6196.0,1.26
HD 164922 d,1.83,4.0,787.68,0.103,5390.0,0.946
Kepler-533 b,3.38,11.4,423.0,0.16704,4758.0,0.72
TOI-3894 b,15.27784069,260.61929374,1531.0,0.05354,6000.0,1.502
Kepler-392 c,1.1,1.37,901.0,0.093,5938.0,1.129
K2-123 b,2.76,8.05,338.0,0.1649,4035.0,0.59
TIC 183374187 b,14.03364384,177.98390792,1379.0,,5768.0,1.344
TIC 290487717 b,6.63777941,35.7,,,5328.97,0.943767
Kepler-1543 b,2.71,7.8,1774.0,0.0867,6561.0,1.65
CoRoT-10 b,10.87,874.0,600.0,0.1055,5075.0,0.79
HD 45184 b,3.52,12.19,1156.34,0.0644,5869.0,1.075139
Kepler-1470 b,1.07,1.24,574.0,0.116,4961.0,0.76
GJ 1061 d,1.16,1.67,242.03,0.054,2953.0,0.156
TOI-1249 b,3.2710301,11.9,726.89,0.109,5497.0,0.9785
Kepler-715 b,3.75,13.5,876.0,0.0933,5871.0,1.04
TOI-969 b,2.765,9.1,941.0,0.02636,4435.0,0.671
KMT-2021-BLG-1077L b,9.86,69.92224954,,1.26,,
K2-224 c,2.41,6.39,764.0,0.0886,5620.0,0.84
Kepler-700 b,5.99,30.0,452.0,0.3577,5692.0,0.96
Kepler-472 b,3.22,10.5,876.0,0.04823,4996.0,0.78
Kepler-1444 b,2.18,5.39,581.0,0.20906,5810.0,1.05
TYC 2187-512-1 b,12.5,104.88337431,114.69,1.22,3734.0,0.495
HD 142 c,12.4,3464.64746471,116.56,9.811,6245.0,1.47
Kepler-1129 b,2.96,9.06,737.0,0.16481,5831.0,1.0
Kepler-824 b,1.87,4.16,1231.0,0.055,6035.0,1.22
HIP 99770 b,12.2,5403.082919,135.17,15.8,8000.0,1.93986
KMT-2021-BLG-0852L b,14.2,155.73591943,,7.78,,
OGLE-2016-BLG-0613L AB b,13.0,1330.0,,6.4,,
HD 5319 c,13.8,334.67499,340.67,1.93,4871.0,4.06
K2-168 b,1.86,4.12,766.35,,5502.7,0.83
Kepler-1236 b,2.14,5.22,480.0,0.1803,5337.0,0.82
Kepler-1275 b,1.48,2.79,1368.0,0.0488,6296.0,1.36
Kepler-62 d,1.95,14.0,510.0,0.12,4925.0,0.64
Kepler-720 b,8.41,53.4,1162.0,0.0539,5618.0,0.92
Kepler-1690 b,2.81109223,8.3,267.0,0.7097,5404.0,0.862346
SR 12 AB c,12.3,4131.62,,,3828.93,1.103075
Kepler-150 b,1.25,2.1,1131.0,0.044,5560.0,0.939
Kepler-1428 b,1.64,3.33,1049.0,0.11051,6184.0,1.36
Kepler-1133 b,1.97,4.54,703.0,0.0983,5569.0,0.9
GJ 328 b,13.3,797.74930157,73.57,4.11,3897.0,0.63
HD 16175 b,12.8,1875.1876013,259.78,2.12,5981.0,1.72
HR 5183 b,13.1,1052.01202717,171.0,18.0,5794.0,1.53
Kepler-1307 b,2.47,6.66,768.0,0.1369,5884.0,1.08
Kepler-1195 b,2.08,4.98,702.0,0.0726,4965.0,0.71
TIC 142589416 b,2.67899519,7.65,,,4396.27,0.713832
Kepler-325 c,2.54,6.99,721.0,0.105,5752.0,1.003
K2-244 b,1.75,3.71,638.0,0.1418,5677.0,0.92
EPIC 212737443 c,2.69,7.7,316.0,0.28,4684.0,0.673
Kepler-1816 b,1.9679397,4.53,310.0,0.35647,5051.0,0.706
WASP-36 b,14.874343,750.39663,1733.0,0.02677,5959.0,0.985
Kepler-1176 b,2.45,6.57,595.0,0.1589,5844.0,1.02
Kepler-1783 b,1.31946731,2.3,1088.0,0.07595,5129.0,1.781
TOI-1634 c,,,,,3472.0,0.45
Kepler-106 d,0.95,8.1,649.0,0.16063,5858.0,1.04
TOI-2194 b,1.9892,4.61,590.88,,4756.0,0.6909
Kepler-189 b,1.21,1.92,678.0,0.088,5235.0,0.75
KMT-2017-BLG-0165L b,6.45,34.0,,3.45,,
Kepler-1143 c,3.6,12.6,234.0,0.6477,5053.0,0.77
TOI-261.02,3.34822227,11.2,1007.53,,5890.3,1.31383
HATS-30 b,13.170575,224.38798,1414.0,0.04354,5943.0,1.061
K2-136 d,1.565,3.0,420.0,0.1538,4500.0,0.677
HD 177830 c,7.87,47.6725,538.95,0.5137,4949.0,2.62
TOI-1693 b,1.41,2.57,764.0,0.0226,3499.0,0.46
TOI-2587 A b,12.07207221,69.28659273,1445.0,0.0635,5760.0,1.726
Kepler-837 b,2.56,7.08,701.0,0.1144,5403.0,0.81
Kepler-1031 b,0.87,0.59,2024.0,0.0218,6011.0,1.12
Kepler-1154 b,2.34,6.08,1314.0,0.0631,6327.0,1.43
Kepler-919 b,2.25,5.69,869.0,0.0981,6113.0,1.21
Kepler-60 b,1.71,4.19,1102.0,0.07255,5905.0,1.257
HD 115954 b,12.6,2685.65003915,144.9,5.0,5957.0,1.213
OGLE-2018-BLG-1119L b,13.9,289.22385037,,4.06,,
Kepler-1490 b,3.04,9.48,348.0,0.3729,5515.0,0.87
HD 42012 b,13.5,508.528,182.63,1.67,5405.0,0.82
Kepler-556 b,2.24,5.65,766.0,0.09833,5740.0,0.98
Kepler-109 c,2.65,8.2,859.0,0.1546,5950.0,1.387
Kepler-48 e,13.4,657.0,171.49,1.898274748,5194.0,0.89
HD 49674 b,6.2,31.783,1113.78,0.06,5602.0,1.02
Kepler-101 c,1.25,3.78,1413.0,0.0684,5667.0,1.56
K2-59 b,2.41,6.39,566.37,0.1354,5055.0,0.731
KELT-24 b,12.71098411,1458.83238813,1391.0,0.0665,6426.0,1.338
Kepler-1200 b,1.06,1.2,1174.0,0.0188,4612.0,0.7
Kepler-26 d,1.07,1.24,652.0,0.039,4486.0,0.571
2MASS J19383260+4603591 b,13.4,603.877,669.65,0.92,29564.0,0.203
Kepler-363 c,1.69,66.4,1054.0,0.079,5593.0,1.485
LHS 1678 c,0.941,1.4,510.9,0.0327,3490.0,0.329
HATS-12 b,7.76,759.6137,1446.0,0.0441,6357.0,1.17
Kepler-858 b,4.87,21.1,399.0,0.33939,5653.0,0.91
Kepler-450 d,0.837,17.6,1199.0,0.0827,6197.21,1.64162
K2-316 c,1.83,4.01,423.0,0.0582,3436.0,0.379
Kepler-1892 b,1.83707938,4.03,822.0,0.0633,5383.0,0.759
Kepler-432 b,12.834305,1719.4603,812.0,0.301,4995.0,4.06
K2-396 c,3.124,9.93,,,5236.0,0.92
Kepler-1108 b,1.46,2.73,1063.0,0.0511,5406.0,0.84
Kepler-203 b,2.57,7.13,1308.0,0.043,5821.0,1.114
Kepler-1656 c,14.0,126.4,161.19,3.053,5569.0,1.1
2MASS J01033563-5515561 AB b,12.3,4131.79,,84.0,,
HD 143105 b,13.7,384.5743,2028.25,0.0379,6380.0,1.647304
Kepler-1992 b,0.91,0.693,637.0,0.1169,5383.0,0.842
HD 159868 c,14.0,244.09344,383.37,1.032,5534.0,2.13
Kepler-140 b,1.61,3.22,1301.0,0.045,6077.0,1.288
HATS-69 b,10.592505,183.38791,1295.7,0.03211,5137.0,0.8785
Kepler-139 b,2.94,7.0,752.0,0.127,5594.0,1.3
bet UMi b,12.7,1938.7,1040.63,1.4,4126.0,38.3
Kepler-134 b,2.0,4.66,1105.0,0.06,5983.0,1.176
Kepler-1665 b,2.83910787,8.44,906.0,0.096,5049.84,0.777785
HD 108236 f,2.017,4.72,609.59,0.1758,5660.0,0.877
HD 73344 b,2.884,10.48,911.0,0.131,6252.6,1.22
Kepler-1617 b,1.2,1.87,736.0,0.17707,6167.0,1.22
Kepler-2001 c,1.82,3.97,597.0,0.1084,5081.0,0.77
Kepler-1443 b,0.97,0.871,1602.0,0.03783,6289.0,1.27
XO-1 b,12.77826,263.7989,1210.0,0.0488,5750.0,0.88
HD 206893 c,16.36511182,3527.8953177,1181.9,3.74,6500.0,1.31116
HD 233832 b,13.5,565.7374,117.8,2.827,4981.0,0.68
TOI-2364 b,8.60849718,71.51139158,1091.0,0.04871,5306.0,0.886
Kepler-30 d,8.8,23.1,308.0,0.5,5498.0,0.95
Kepler-1125 b,1.84,4.04,778.0,0.1348,5683.0,0.94
TOI-4527.01,0.9086617,0.689,1362.93,0.008332353,3702.0,0.485948
Kepler-1321 c,2.4,6.35,697.0,0.0267,4094.0,0.53
HD 73344 d,13.2,810.46243785,126.51,6.7,6148.0,1.22
TOI-6692 b,11.67975789,197.05361234,467.0,0.512,5890.0,1.385
Kepler-792 b,1.96,4.5,852.0,0.0988,5971.0,1.12
K2-80 c,1.47,2.76,1002.42,0.0596,5441.0,0.87
TOI-6000 b,0.94,0.779,1120.0,,3419.0,0.38
HD 28109 b,2.69,6.2,867.0,0.1357,6189.0,1.425
Kepler-891 b,6.41,33.6,486.0,0.2881,5887.0,1.07
TOI-5624 d,3.584,4.9,712.6,0.1067,5327.0,0.82
Kepler-765 b,2.43,6.48,641.0,0.1754,5901.0,1.06
Kepler-1516 b,1.75,3.71,967.0,0.0718,5904.0,1.07
Kepler-1159 b,2.37,6.21,677.0,0.1603,6217.0,1.28
HATS-18 b,14.896761,629.144485,2069.48,0.0174,5600.0,1.02
TOI-1873 b,2.86356397,8.57,923.5,,5597.99,0.971675
Kepler-113 b,1.82,11.7,775.0,0.05123,4725.0,0.69
TIC 160113658 b,3.49015778,12.0,,,4817.31,0.789834
CoRoT-25 b,12.11,85.81,1330.0,0.0578,6040.0,1.19
HD 216536 b,13.8,333.7215,897.99,0.61,4639.0,9.83
TOI-2407 b,4.26,16.8,705.0,0.033,3530.0,0.567
Kepler-1060 b,2.38,6.26,484.0,0.2495,5797.0,0.99
Kepler-154 e,1.5,2.86,1140.0,0.04766,5769.0,0.98
Kepler-1844 b,3.03648191,9.46,1074.0,0.0478,5776.0,0.849
Kepler-1036 b,3.01,9.32,326.0,0.47726,5533.0,0.89
Kepler-561 c,2.68,7.65,989.0,0.05947,5646.0,0.94
Kepler-37 b,0.3098,0.79,718.0,0.1019,5357.0,0.789
Kepler-585 b,2.83,8.4,1178.0,0.03841,5593.0,0.93
K2-203 b,1.26549392,2.14,738.4,0.0824,5026.0,0.765
Kepler-233 b,2.43,6.48,751.0,0.077,5360.0,0.758
Kepler-1863 b,2.26309256,5.74,508.0,0.23678,5871.0,0.983
Kepler-356 c,1.81,3.93,913.0,0.115,6133.0,1.335
Kepler-1865 b,1.57686072,3.11,1203.0,0.0344,5420.0,0.871
TOI-5126 b,4.74,20.2,1442.0,0.06519,6150.0,1.241
VHS J125601.92-125723.9 b,13.67495645,5085.254512,1194.0,350.0,2620.0,
Kepler-505 b,2.6,7.27,314.0,0.1445,3931.0,0.53
WASP-147 b,12.498035,87.40325,1404.0,0.0549,5702.0,1.429
HD 23079 c,2.8,8.26,,,5994.0,1.08
Kepler-166 d,1.73,3.64,1313.0,0.02449,5350.0,0.83
Kepler-1480 b,1.67,3.43,721.0,0.1525,5156.0,0.81
Kepler-1987 d,2.66,7.56,744.0,0.0571,4769.0,0.714
HD 125612 d,12.7,2281.37230545,147.48,3.982,5900.0,1.07
Kepler-245 b,2.57,146.78,753.0,0.071,5100.0,0.795
TOI-2141 c,2.35,6.14,1095.0,0.0585,5635.0,0.95
WASP-4 b,15.12091496,381.3940884,1653.0,0.02261,5436.0,0.912
Kepler-1556 b,1.96,4.5,797.0,0.0829,5608.0,0.95
Kepler-209 b,2.26,5.73,668.0,0.122,5513.0,0.935
OGLE-2018-BLG-1269L b,14.1,210.0,,4.51,,
Kepler-131 c,0.84,8.25,615.0,0.17391,5685.0,1.03
Kepler-24 d,1.67,293.959,1305.0,0.051,5897.0,1.289
HD 28254 b,13.0,1207.7479466,212.28,2.45,5664.0,1.48
HD 127195 c,14.1,206.58846455,,,4981.0,4.16
HATS-40 b,17.71022,505.3497,2101.0,0.04997,6460.0,2.26
K2-266 e,2.73,14.3,490.1,0.1249,4285.0,0.703
HD 33283 b,12.5,104.56607,1034.4,0.1508,5935.0,1.97
Kepler-237 b,1.41,2.57,823.0,0.05,4861.0,0.725
K2-126 b,1.97,4.54,601.0,0.0656,4339.0,0.65
HD 224018 d,2.4,4.2,411.0,0.53,5784.0,1.147
HD 125612 b,13.2,945.22168242,253.38,1.349,5900.0,1.07
K2-183 b,1.1,1.37,,,5482.0,0.87
HD 109988 b,12.1,6935.33366915,65.91,12.518,5185.97,0.869694
Kepler-100 e,5.27,24.14271827,621.73,0.312391586,5884.0,1.5
Kepler-219 c,3.58,12.5,766.0,0.165,5786.0,1.491
Kepler-1790 b,3.1446145,10.0,682.0,0.20989,5866.0,1.367
Kepler-1641 c,2.95,9.01,767.0,0.2065,6152.0,1.19
HD 75898 c,12.6,2698.36317543,135.2,7.39,6122.0,1.55
WASP-155 b,13.45077684,276.8285425,1468.0,0.043,5660.0,1.24
K2-386 b,2.32,5.99,,,5749.0,0.97
HATS-35 b,16.409976,388.38826,2037.0,0.03199,6300.0,1.433
Kepler-918 b,1.74,3.68,1052.0,0.0569,6028.0,1.14
K2-206 b,2.79522879,8.22,,,5043.0,0.758046
Kepler-141 b,0.69,0.257,968.0,0.039,4910.0,0.787
Kepler-582 b,3.68,13.1,603.0,0.1254,5564.0,0.91
TOI-912 b,1.93,5.1,551.0,0.041,3572.0,0.419
Kepler-335 c,3.07,9.64,592.0,0.356,5877.0,1.854
XO-2 S c,13.6,438.60320166,376.79,0.4737,5325.0,1.02
Kepler-31 d,3.9,2161.244,484.0,0.4,6340.0,1.22
TOI-4427 b,13.09208946,87.72064033,1040.0,0.05389,5347.0,0.89
TOI-2583 A b,14.4595851,79.45710175,1456.0,0.0571,5936.0,1.477
Kepler-966 b,4.13,16.0,391.0,0.3907,5840.0,1.02
HD 50499 c,13.2,931.2419,116.69,9.02,6099.0,1.42
WASP-140 b,14.23540549,775.5052,1270.0,0.0323,5300.0,0.87
Kepler-630 b,3.18,10.2,343.0,0.56201,5829.0,1.04
Kepler-874 b,3.94,14.7,560.0,0.2234,6020.0,1.13
KMT-2021-BLG-0322L b,12.7,2034.1018048,,,,
Kepler-235 b,2.23,5.6,731.0,0.037,4255.0,0.554
GJ 504 b,12.10569916,1271.3,510.0,43.5,6234.0,1.26
EPIC 220492298 b,0.99,0.937,,,5620.0,0.89
WASP-126 c,9.38,64.2,,,5800.0,1.27
Kepler-85 c,1.978,2.15,706.0,0.10363,5505.2,0.875
Kepler-1345 b,2.36,6.17,693.0,0.26412,6449.0,1.55
GJ 667 C c,1.77,3.8,,0.125,3350.0,
K2-395 c,3.395,11.4,,,5007.0,0.783
Kepler-866 b,1.63,3.29,996.0,0.0331,4751.0,0.71
Kepler-223 b,2.99,7.4,1042.0,0.07525,5803.0,1.72
HD 4732 c,13.1,1069.49258955,243.69,4.725,4898.0,5.03
Kepler-922 b,1.42,2.6,1876.0,0.01795,5671.0,0.93
Gaia-2 b,14.81827249,259.66580852,1213.23,0.0467,5720.0,1.064
HATS-67 b,18.887165,460.8535,2193.0,0.03032,6594.0,1.441
KMT-2020-BLG-0202L b,12.4,3902.93283796,,4.17,,
Kepler-549 b,2.57,11.0,487.0,0.23236,5360.0,0.84
HD 127195 b,14.0,212.94503269,,,4981.0,4.16
GJ 1148 b,11.9,96.7,232.94,0.166,3287.0,0.358519
Kepler-1780 b,3.60600667,12.7,340.0,0.4276,5403.0,0.868
HD 28471 b,1.75,3.72,1377.0,0.042,5766.0,1.08
NY Vir b,13.3,730.978,338.12,3.3,32780.0,0.151
TOI-2447 b,9.60609646,124.90656395,414.0,0.347,5730.0,1.006
K2-58 d,1.71,3.57,621.48,0.1517,5413.0,0.86
TOI-4137 b,13.57407563,457.67290608,1570.0,0.05222,6202.0,1.438
GJ 625 b,1.49,2.82,335.59,0.078361,3499.0,0.31
Kepler-267 b,1.98,37.9,615.0,0.037,4258.0,0.555
Kepler-775 b,1.19,1.81,1612.0,0.01834,5468.0,0.84
KIC 10068024 b,13.4,635.656814,,,6118.4,1.574
WASP-177 b,17.71022,161.45764,1142.0,0.03957,5017.0,0.885
NGC 2682 Sand 1429 b,13.4,572.0911326,683.0,0.384,6000.0,2.13
TOI-6034 b,11.92,254.0,714.0,0.02949,3635.0,0.489
Kepler-791 b,3.05,9.53,939.0,0.1256,6383.0,1.47
TOI-1260 b,2.41,8.56,871.0,0.0367,4227.0,0.672
TOI-1062 b,2.265,10.15,1077.0,0.052,5328.0,0.84
WASP-79 b,17.14974047,270.15414595,1716.2,0.0519,6600.0,1.51
Kepler-1630 b,2.19,5.43,182.0,1.1218,4736.0,0.63
Kepler-1365 b,0.92,0.721,969.0,0.07839,5770.0,1.05
Kepler-133 c,2.84,8.45,663.0,0.204,5736.0,1.425
Kepler-346 c,3.07,9.64,654.0,0.168,6033.0,1.021
Kepler-160 b,1.715,3.59,1134.0,0.05511,5471.0,1.118
Kepler-341 d,1.85,4.08,622.0,0.182,6012.0,1.024
K2-125 b,2.18,5.39,321.22,0.121,3654.47,0.402049
HD 27442 b,13.5,495.8,369.62,1.271,4846.0,3.18
Kepler-1489 b,1.77,3.78,400.0,0.3679,5655.0,0.9
Kepler-1623 b,1.31,2.27,1000.0,0.0518,5772.0,1.0
HD 156411 b,14.0,235.18,304.95,1.88,5900.0,2.16
Kepler-496 b,2.32,5.99,747.0,0.0747,5293.0,0.82
TOI-4463 A b,13.26022417,252.35575516,1395.0,0.04036,5640.0,1.062
Kepler-1246 b,1.36,2.42,554.0,0.0848,4611.0,0.69
Kepler-1126 b,1.73,3.64,374.0,0.41251,5798.0,0.93
Kepler-926 b,2.31,5.95,524.0,0.2739,5806.0,1.01
GJ 676 A e,2.47,6.67439655,351.55,0.181,3734.0,0.69
Kepler-287 b,2.33,83.0,667.0,0.145,5806.0,1.032
HAT-P-21 b,12.44199,1547.8321,1367.0,0.05037,5588.0,1.21
TOI-2145 b,12.24020692,1805.26535176,1484.0,0.1117,6206.0,2.75
Kepler-48 c,2.71,14.61,736.0,0.08633,5194.0,0.89
TOI-2096 b,1.243,2.08,445.0,0.025,3300.0,0.235
HD 213472 b,13.1,1112.3994245,91.76,13.0,5729.54,1.433902
Kepler-1356 b,1.53,2.96,1714.0,0.0136,5106.0,0.78
HD 13908 c,12.8,1630.4,273.57,2.03,6255.0,1.67
Kepler-605 c,0.86,0.566,1278.0,0.03336,5462.0,0.88
Kepler-292 c,1.47,2.76,1001.0,0.045,5299.0,0.826
Kepler-889 b,1.09,1.32,1328.0,0.04975,5961.0,1.25
Kepler-1254 c,1.3,2.24,927.0,0.0422,4985.0,0.75
Kepler-244 c,2.05,4.86,791.0,0.087,5554.0,0.803
Kepler-1332 b,1.37,2.45,728.0,0.09915,5581.0,0.9
HIP 35965 b,12.6,2589.98368864,48.85,15.898,4836.0,0.697551
OGLE-2013-BLG-0102L b,12.3,4100.0,,0.8,,
HD 80913 b,12.0,7505.2000029,118.23,9.95,6013.24,1.6542
HD 134060 b,3.16,10.1,1473.18,0.0444,5966.0,1.164285
Kepler-1950 b,1.52696349,2.95,752.0,0.0871,5455.0,0.852
Kepler-1984 b,6.81,37.3,675.0,0.0238,3638.0,0.42
TOI-7510 c,10.81,131.0,702.0,0.1595,5720.0,1.035
K2-60 b,7.655747,135.39558,1400.0,0.045,5500.0,1.12
Kepler-1397 b,1.72,3.61,551.0,0.25861,6026.0,1.12
Kepler-358 b,2.72,7.85,554.0,0.21,5908.0,0.954
Kepler-354 d,1.24,2.07,451.0,0.146,4648.0,0.674
TOI-3135 b,13.65253849,327.36325921,1292.0,0.04756,5890.0,0.985
Kepler-718 b,16.56,,1497.0,0.0322,6191.0,1.3
Kepler-1179 b,1.32,2.3,1137.0,0.03497,5212.0,0.81
Kepler-381 c,1.12,1.46,1180.0,0.117,6152.0,1.568
Kepler-1342 b,1.66,3.39,1283.0,0.0313,5527.0,0.9
Kepler-1544 b,1.78,3.82,269.0,0.54465,4886.0,0.74
WASP-174 b,16.10730527,104.88337431,1528.0,0.05503,6399.0,1.347
CD-35 2722 b,17.37392009,9375.9380065,1800.0,67.0,3689.0,0.558549
Kepler-475 b,2.49,6.76,980.0,0.03989,5009.0,0.79
Kepler-1978 b,2.67,7.61,676.0,0.0914,5251.0,0.778
GJ 3222 b,3.4,11.44182265,811.06,0.091,5257.46,0.931389
Kepler-1836 b,2.55303229,7.05,1093.0,0.0602,6123.0,0.987
Barnard e,0.637,0.193,340.0,0.0381,3195.0,0.185
Kepler-141 c,1.41,2.57,738.0,0.067,4910.0,0.787
Kepler-948 b,1.85,4.08,841.0,0.0749,5679.0,0.94
K2-201 b,1.40006712,2.54,,,5507.0,0.878161
HD 181433 d,13.2,858.1366989,81.19,6.74,4918.0,0.79
HD 213885 b,1.745,8.83,2128.0,0.02012,5978.0,1.1011
HIP 39330 b,13.5,530.77343969,125.05,5.05,5748.0,1.02786
OGLE-2016-BLG-1195L b,1.11,1.43,,1.16,,
MOA-2009-BLG-266L b,3.21,10.4,,3.2,,
Kepler-887 c,1.13,1.51,1089.0,0.0801,6194.0,1.29
Kepler-306 d,2.47,6.66,535.0,0.12,4954.0,0.719
Kepler-177 c,8.73,14.7,497.0,0.25655,5732.0,1.324
Kepler-52 c,1.84,45.4,433.0,0.10379,4075.0,0.52
Kepler-572 b,2.58,7.18,553.0,0.1192,5212.0,0.79
Kepler-1450 b,1.71,3.57,308.0,0.2401,4524.0,0.68
HD 10180 f,5.24,23.9,427.54,0.4929,5911.0,1.109
Kepler-882 b,1.23,2.04,903.0,0.04741,5476.0,0.87
Kepler-559 b,3.61,12.7,706.0,0.1277,5630.0,0.95
TOI-1232 b,10.92875618,220.57291446,785.71,0.117,5823.0,1.072
TOI-4773 b,15.22179579,1687.66884117,2255.0,0.03216,6740.0,1.55
Kepler-1312 b,2.1,5.06,978.0,0.06053,5719.0,0.92
WASP-22 b,13.78707,212.9461,1502.0,0.047,6000.0,1.24
Kepler-272 b,1.43,78.0,1200.0,0.038,5297.0,0.929
Kepler-35 b,8.16,40.363,352.89,0.60347,5606.0,1.0284
